user_id,course_id,rating
103,442,3
436,279,2
861,251,5
271,310,4
107,208,3
72,321,1
701,140,1
21,280,4
615,34,1
122,309,5
467,392,2
215,18,4
331,57,3
459,112,2
88,5,1
373,410,1
100,414,3
872,182,5
664,13,3
131,339,4
662,285,3
309,259,1
770,90,5
344,104,5
492,379,3
414,186,4
806,250,1
386,255,2
192,76,5
956,386,3
277,108,4
161,156,4
460,82,1
314,77,5
22,258,1
253,127,2
748,391,2
857,282,2
561,88,4
475,204,5
59,16,1
511,151,1
682,424,2
476,254,5
700,188,5
976,329,3
783,32,5
190,271,5
958,397,1
687,5,5
958,330,5
563,308,1
876,333,5
567,169,1
244,181,3
832,366,4
505,178,1
131,143,1
485,362,5
819,248,1
647,127,2
21,263,2
841,40,3
167,412,1
274,416,5
388,355,5
601,255,4
316,143,3
14,240,5
242,228,4
777,341,5
346,198,4
565,65,2
898,388,2
340,11,5
92,108,3
367,26,1
956,445,3
455,421,3
428,151,1
509,221,2
776,341,2
943,237,1
35,237,4
206,219,3
81,424,5
932,151,2
562,123,5
872,144,1
388,189,5
2,255,5
390,68,3
566,104,1
106,336,5
772,159,2
822,309,1
477,362,2
703,409,4
402,300,5
730,396,1
556,90,2
162,357,5
202,256,3
958,353,2
996,220,2
270,9,4
863,12,3
816,325,4
271,438,3
456,244,2
462,182,4
727,284,5
252,312,3
702,99,2
296,197,1
725,366,3
720,226,3
749,333,5
338,103,3
879,106,3
53,365,5
792,368,5
922,58,4
217,78,2
764,75,2
188,42,4
380,422,2
493,324,3
41,181,4
157,33,4
15,71,2
813,56,1
65,105,2
857,200,1
839,101,4
521,256,1
344,307,3
129,74,5
648,171,1
472,377,5
63,143,3
139,166,5
499,399,3
593,261,5
392,221,5
675,83,2
419,182,1
289,307,5
379,10,4
773,396,2
490,4,1
231,351,2
41,402,1
28,336,3
135,292,5
201,281,4
840,215,2
780,98,2
930,420,2
33,101,2
48,451,5
503,9,1
407,61,5
574,309,3
728,146,5
805,427,5
99,419,3
684,63,5
872,121,1
726,226,4
987,105,3
547,260,2
961,349,1
739,425,4
613,255,1
943,429,1
462,434,2
643,207,4
769,28,1
5,170,2
218,336,3
503,76,2
767,116,5
398,69,2
871,354,2
795,234,2
393,1,1
207,167,4
15,352,2
858,218,2
554,273,5
892,368,5
461,251,3
691,347,3
575,344,5
864,419,4
743,174,3
241,170,4
564,246,5
96,423,3
900,90,2
734,49,5
485,446,3
407,294,4
231,407,4
749,150,3
655,132,4
171,433,3
541,59,3
36,324,4
525,199,1
160,215,2
839,386,5
699,49,2
243,232,5
86,247,5
796,382,2
578,239,3
682,415,4
557,367,1
574,168,1
953,48,1
646,51,2
796,299,2
28,98,3
620,439,1
556,216,3
340,177,1
798,380,2
958,80,4
331,185,4
640,367,4
506,399,4
348,27,5
473,452,1
231,448,4
190,414,5
225,420,5
385,195,5
377,214,3
283,369,3
958,342,5
633,114,4
628,242,1
973,124,2
745,305,3
259,76,4
359,311,4
710,312,2
456,196,2
411,351,4
649,44,2
318,415,4
677,186,2
225,343,2
819,246,4
234,437,5
684,84,4
664,207,1
975,151,2
827,156,3
374,16,2
672,165,1
608,405,3
472,145,3
233,37,4
692,333,5
113,403,4
830,414,3
497,45,3
442,402,5
564,206,2
268,62,5
510,420,4
807,356,2
386,308,4
387,19,5
113,365,2
613,300,5
625,7,1
952,249,3
81,428,2
699,117,3
113,68,1
2,34,2
642,194,3
220,325,3
566,55,2
855,266,3
997,42,3
736,297,2
225,231,3
385,453,3
403,378,4
638,394,4
130,10,1
53,358,4
684,444,4
730,128,1
672,179,3
710,405,3
416,392,4
247,193,1
836,92,3
439,369,5
203,231,2
184,78,2
123,85,2
401,30,4
767,213,2
294,49,2
280,265,5
837,145,3
884,69,5
610,58,4
198,185,2
982,62,3
907,308,2
511,445,2
752,296,4
144,166,2
609,171,1
201,63,3
124,147,3
187,306,1
326,161,4
464,141,2
349,334,2
771,97,3
660,446,4
764,221,4
955,43,4
932,433,2
403,292,4
346,378,1
963,108,5
511,266,4
147,95,5
148,262,2
864,313,4
711,385,3
820,71,2
489,442,1
929,219,1
936,21,5
640,92,5
551,127,3
338,80,3
872,312,1
641,238,4
779,372,1
988,404,1
953,182,3
473,25,5
946,156,3
151,5,3
415,120,3
990,277,1
298,18,4
611,431,1
263,198,2
764,57,3
144,93,3
346,19,2
624,384,3
572,353,3
881,193,3
2,237,2
897,387,1
304,426,3
254,277,4
652,227,2
453,233,5
37,40,2
160,323,1
9,153,2
233,127,5
99,237,4
659,55,5
816,436,2
208,172,5
131,109,2
404,354,4
152,184,4
54,439,1
120,368,4
673,198,3
920,371,5
628,373,5
587,87,2
625,201,4
968,337,1
420,322,1
422,275,1
104,211,3
852,391,4
254,118,1
227,191,3
112,42,5
510,42,2
473,315,4
99,276,4
153,329,5
861,17,4
914,283,4
896,431,4
878,258,4
338,63,3
706,62,3
822,100,2
163,19,4
720,17,5
957,325,1
681,423,2
996,373,1
161,246,1
580,251,4
801,455,5
398,81,1
277,39,1
816,36,2
916,424,5
504,429,5
896,388,1
392,409,5
135,197,2
195,158,2
401,204,2
640,196,4
33,216,1
688,285,5
460,196,2
955,307,1
883,152,1
470,14,4
375,325,5
22,146,5
750,426,2
670,57,2
38,211,1
230,268,5
365,210,5
563,17,2
438,286,3
776,344,1
283,203,5
27,99,4
226,279,4
277,209,3
798,129,2
609,335,2
284,288,2
879,252,4
960,265,2
481,271,4
453,412,3
829,408,1
816,188,5
659,419,3
516,214,4
547,283,3
192,211,5
49,365,1
512,76,5
17,148,4
172,321,5
220,213,3
158,433,2
477,109,3
46,129,4
373,10,1
518,47,5
99,379,1
892,315,4
745,96,5
37,446,3
280,103,3
349,380,4
497,342,5
302,146,3
181,368,4
607,430,4
99,416,1
700,27,3
993,220,5
116,18,3
191,167,3
253,433,3
981,82,4
928,428,2
983,72,2
161,310,1
256,254,3
323,162,2
128,327,1
18,420,4
793,402,3
735,38,5
566,443,4
570,393,1
323,201,4
872,200,5
686,255,4
792,179,1
626,35,5
288,82,5
943,389,4
854,398,5
663,220,4
962,158,3
639,4,5
155,167,4
490,448,3
386,409,5
986,412,3
785,204,5
104,194,1
929,235,1
393,206,4
811,150,2
246,159,1
176,279,2
39,304,3
477,404,3
682,381,2
759,166,4
538,311,5
867,68,2
818,88,2
921,217,2
408,1,2
525,135,2
828,185,4
506,351,1
903,140,5
825,106,1
36,133,2
685,108,1
20,178,4
321,298,3
776,358,1
512,380,5
400,396,4
654,359,3
972,146,4
883,450,2
471,74,3
143,108,5
92,122,3
354,17,5
834,196,2
800,327,5
727,318,4
959,297,1
854,252,4
51,119,4
665,162,3
698,198,2
575,45,1
190,314,5
125,179,3
150,382,2
314,418,1
570,44,4
342,271,2
305,78,2
692,326,2
682,178,4
838,357,5
783,416,3
54,451,5
444,3,1
613,214,3
993,342,1
264,74,4
53,51,5
572,67,2
620,332,3
5,93,2
103,176,1
196,145,2
774,7,2
877,269,4
992,376,4
884,322,5
350,4,1
47,138,4
867,231,4
823,88,5
936,17,3
820,52,5
656,134,2
269,211,2
370,325,4
636,393,4
106,219,5
670,205,5
659,211,1
657,277,2
120,24,5
831,4,3
787,152,1
604,443,5
58,259,4
951,324,5
346,357,4
741,168,4
474,176,2
117,310,2
830,291,5
791,56,5
127,108,3
393,296,1
908,324,1
641,302,5
58,334,2
634,141,3
513,155,1
751,262,5
802,273,2
96,420,2
638,232,2
118,241,4
560,355,2
601,337,5
488,258,3
237,249,5
885,77,2
897,180,3
272,66,1
189,308,1
999,348,5
704,171,3
447,22,5
581,367,3
790,107,3
861,439,5
247,323,3
963,227,2
76,444,3
154,442,3
656,396,5
435,216,1
997,69,4
86,84,3
697,103,4
285,39,3
974,13,5
220,297,5
69,313,3
47,181,5
94,268,5
750,13,3
958,120,1
453,353,3
204,57,1
912,40,5
218,374,1
474,336,5
432,128,1
341,173,1
551,35,3
612,259,1
289,376,5
254,5,3
734,218,1
357,11,3
23,382,4
762,327,3
522,117,4
758,184,4
837,394,3
100,362,5
802,116,5
180,162,5
223,67,2
906,200,4
762,31,3
659,75,5
442,237,5
608,327,3
769,66,4
325,70,3
516,297,2
16,447,2
792,416,3
336,20,4
759,441,5
258,226,2
497,434,2
988,409,4
896,396,2
160,199,2
475,39,4
852,145,3
664,45,5
908,395,5
690,326,2
675,381,5
380,407,3
545,91,2
929,238,5
957,70,1
691,166,1
427,130,1
268,340,1
835,89,2
577,335,4
417,252,4
168,369,2
842,349,2
43,72,3
556,165,4
285,49,1
397,52,2
12,289,1
607,278,4
302,114,5
898,239,5
253,133,2
499,274,3
754,166,1
35,374,2
727,373,3
849,293,1
90,243,4
776,320,5
605,138,3
922,79,1
970,170,2
602,123,1
418,176,2
115,300,5
617,82,5
903,87,1
196,225,1
826,16,2
501,310,2
626,358,3
493,163,3
75,98,3
413,156,1
376,2,3
420,350,1
729,397,5
277,169,4
761,315,5
676,325,1
394,375,1
869,92,4
457,181,2
920,231,2
192,301,2
739,148,3
689,280,2
99,189,3
548,347,3
978,350,2
999,314,2
96,411,4
664,410,4
663,128,3
190,7,4
736,426,3
37,47,1
780,53,3
369,187,3
695,38,4
525,453,1
279,226,5
217,53,5
867,399,5
873,224,1
798,154,2
273,48,1
881,351,4
62,147,3
596,393,3
880,64,4
729,349,4
342,182,3
397,125,2
699,179,2
19,39,2
177,260,4
612,382,3
396,3,3
445,64,3
233,29,1
915,372,1
76,11,5
265,97,1
455,358,2
796,442,2
718,203,2
735,411,2
384,21,5
564,39,2
851,223,4
506,102,4
367,46,4
144,66,1
885,91,3
69,164,5
99,111,4
396,338,4
25,123,2
948,193,4
891,447,2
469,99,2
484,291,3
565,159,1
151,412,2
144,103,2
569,385,3
39,281,2
109,43,5
693,84,1
42,451,5
186,191,4
935,51,1
398,386,4
223,210,2
634,126,3
133,448,5
163,69,4
215,265,2
733,258,5
235,418,5
843,188,4
658,230,2
751,189,3
588,415,4
9,10,5
74,114,5
954,76,1
492,164,2
913,85,1
253,49,3
230,326,4
519,177,5
174,387,2
653,389,5
168,218,1
170,189,1
393,346,4
946,230,2
795,255,2
634,236,4
194,26,1
517,72,1
29,261,1
165,254,5
422,271,3
339,123,1
648,144,3
496,257,3
365,144,2
833,421,4
342,259,5
500,436,3
657,47,5
511,351,2
327,13,1
217,376,3
301,208,4
132,311,2
804,235,5
70,149,1
252,322,5
415,438,4
787,155,3
445,166,4
876,90,5
182,186,5
167,318,4
91,358,4
714,174,4
858,217,1
531,395,5
39,456,2
126,264,1
451,97,1
173,117,1
653,199,2
754,320,4
220,21,5
638,200,3
58,371,3
660,447,5
476,341,2
456,448,3
829,248,1
895,276,3
361,264,5
935,58,1
1,302,3
387,31,5
973,249,2
348,93,5
190,265,2
505,271,1
191,94,5
508,154,4
369,394,4
409,285,4
824,80,4
929,292,4
934,84,2
117,365,5
134,374,1
58,37,4
556,342,4
685,327,1
672,407,1
173,425,4
829,232,2
815,93,1
149,336,5
80,102,5
886,412,2
213,432,3
203,166,2
764,159,4
229,14,3
676,373,4
227,225,5
659,73,1
532,249,4
441,91,5
402,216,2
47,90,4
305,435,1
526,305,4
143,427,5
415,220,4
513,328,1
373,215,4
566,221,4
886,389,5
259,42,3
656,135,4
471,42,3
953,164,2
971,361,4
12,283,3
330,58,2
736,302,5
784,322,4
968,25,5
358,73,2
972,373,5
408,411,5
668,129,1
373,87,2
8,330,5
122,426,3
348,436,2
676,153,1
90,182,4
648,125,5
698,67,3
316,6,1
178,125,2
540,314,5
732,326,1
869,53,1
41,66,3
740,314,4
704,82,4
923,87,4
502,2,2
959,204,1
145,150,2
201,293,1
929,404,3
724,103,3
461,24,2
732,368,2
752,212,3
925,65,5
909,449,4
558,209,4
547,251,3
253,385,4
390,117,5
594,116,5
883,237,1
256,105,2
709,259,4
815,46,5
921,311,2
450,331,2
10,216,1
824,448,2
798,301,2
242,410,3
251,333,1
877,449,1
5,24,4
119,35,2
801,24,4
374,28,5
65,16,2
146,59,5
224,243,3
239,438,2
177,207,4
779,400,4
853,271,2
282,249,4
63,267,2
217,193,1
854,335,4
827,218,2
795,115,2
689,68,4
461,299,1
929,325,4
610,397,2
105,394,1
99,75,5
511,103,3
385,297,4
405,178,2
823,215,1
518,455,1
476,315,5
977,39,4
863,204,5
645,7,2
870,49,5
771,26,4
437,161,5
23,357,1
997,176,1
565,79,3
677,2,5
714,383,2
458,455,4
83,416,3
145,132,5
85,276,2
78,117,3
457,164,1
878,288,4
1,28,5
51,333,2
685,1,1
717,188,3
772,56,4
446,35,3
449,112,3
881,286,2
488,310,1
800,36,5
34,439,2
348,217,4
95,80,3
72,314,4
551,83,2
154,65,2
250,325,5
674,128,3
438,307,2
118,22,4
771,216,5
891,107,4
306,109,3
268,372,5
961,357,5
54,181,5
236,356,1
389,164,5
990,68,4
734,292,4
763,180,3
825,181,2
401,434,2
624,169,1
767,402,5
303,22,1
919,66,3
207,21,3
229,100,2
853,384,3
910,300,5
578,103,4
75,47,3
435,39,1
103,285,5
422,310,3
704,90,3
764,85,5
738,273,3
806,336,4
306,188,2
98,159,5
850,243,1
798,73,3
335,49,2
859,101,1
435,2,1
447,244,4
994,176,2
308,238,5
249,398,2
166,59,2
481,353,1
984,99,4
335,442,4
542,359,2
759,442,2
106,435,3
563,2,1
81,243,5
133,297,5
797,211,4
900,123,1
138,229,4
184,82,5
401,144,2
330,388,1
785,140,1
508,29,3
984,270,2
69,247,4
546,12,1
774,355,4
53,389,2
450,337,3
205,106,1
126,32,2
747,74,3
43,171,5
752,337,2
971,69,5
883,301,4
111,362,5
761,137,2
663,433,5
183,417,1
848,100,2
95,146,3
971,9,5
374,62,1
912,185,4
520,29,4
900,381,5
360,114,4
900,409,3
696,143,2
281,390,1
195,120,5
864,170,4
195,157,2
667,335,3
93,349,4
672,260,4
946,82,1
61,242,3
634,441,3
51,433,5
403,172,1
789,231,5
5,208,1
466,75,3
604,270,1
682,387,1
829,114,1
534,62,2
405,362,2
838,320,3
513,102,1
645,429,3
233,362,2
524,210,1
346,442,5
46,255,2
546,20,2
945,58,2
78,112,1
730,313,4
813,196,5
923,375,5
73,353,3
794,92,1
249,52,2
47,293,4
121,8,1
214,300,1
239,98,4
56,236,2
350,389,1
107,374,5
831,69,5
48,415,4
573,45,2
337,137,4
26,234,1
804,32,5
257,289,3
8,126,4
625,67,3
867,30,3
253,114,5
692,204,4
719,29,3
303,131,1
639,185,2
56,253,2
726,286,5
526,393,4
474,410,4
28,386,2
983,62,1
78,3,2
216,430,2
386,68,4
365,25,3
666,179,1
526,141,4
699,231,2
312,300,3
883,163,1
7,311,5
3,393,1
623,130,1
919,445,2
750,246,2
363,297,5
751,172,5
508,64,5
274,31,4
506,47,4
806,130,2
739,352,2
883,333,5
15,110,4
192,69,3
985,58,4
631,106,2
485,300,4
28,330,2
714,256,5
39,312,5
953,171,5
273,383,3
231,162,3
86,286,2
474,71,1
126,255,3
812,454,2
537,374,4
145,55,5
525,323,5
212,397,5
25,3,2
580,26,5
394,313,3
67,126,4
233,408,5
109,53,2
146,198,4
111,299,5
228,188,1
111,186,5
470,305,3
34,298,4
623,204,3
776,450,1
936,11,1
369,359,3
748,354,4
595,146,1
554,85,1
425,100,5
613,104,2
518,436,1
692,46,4
282,44,4
320,278,5
738,181,4
443,187,5
952,114,1
315,255,1
877,381,1
966,380,1
741,30,2
377,264,2
289,98,1
437,313,4
662,367,5
277,329,3
710,115,5
582,276,3
503,281,3
624,275,1
516,261,3
350,331,1
843,207,2
446,384,4
830,328,3
350,211,4
607,215,1
664,411,3
823,40,5
137,26,2
759,27,2
899,190,3
243,83,2
543,384,5
40,434,4
229,170,5
548,413,2
920,167,4
223,188,5
6,169,1
322,289,1
468,229,4
732,97,4
75,367,4
4,16,1
847,279,5
646,135,4
118,26,1
881,352,4
606,12,4
504,72,4
998,133,1
947,106,5
574,220,1
441,373,1
194,453,4
847,177,3
715,282,3
392,133,3
26,22,1
435,269,4
173,412,3
300,161,2
645,107,2
326,279,2
410,353,5
118,235,4
836,18,1
787,242,1
724,117,4
225,286,5
532,282,4
113,144,5
140,205,3
559,39,3
1,417,5
90,154,4
654,176,3
320,449,4
550,241,3
805,422,4
894,386,4
139,369,2
511,134,5
868,46,1
845,50,5
259,166,4
673,106,4
902,216,5
690,146,4
10,411,3
261,425,4
919,72,5
650,330,5
172,273,5
898,247,2
13,446,2
168,413,2
642,186,2
596,70,2
321,150,2
319,246,2
613,262,5
329,26,1
785,423,2
777,140,5
971,99,1
911,398,2
920,278,1
550,51,1
419,151,3
606,432,4
95,455,3
817,104,1
581,434,5
318,89,2
956,141,4
236,213,2
946,233,5
334,394,4
885,183,3
376,251,1
459,9,5
137,79,1
930,52,1
588,386,2
995,409,5
547,269,1
513,226,3
296,51,4
320,186,5
918,34,2
572,291,5
832,230,2
349,131,4
840,120,3
779,443,1
873,326,5
229,247,2
270,432,4
828,192,1
798,403,4
291,323,3
725,210,1
165,103,1
5,329,1
851,372,2
379,133,1
78,323,4
410,139,2
574,121,1
132,94,4
601,452,4
749,453,5
42,129,4
89,91,3
402,92,1
296,63,1
840,29,1
295,210,4
616,12,4
526,333,1
800,297,2
691,130,2
637,293,3
422,173,5
865,208,3
23,432,1
575,24,1
143,99,1
993,406,5
665,356,4
145,139,5
225,314,3
503,174,4
962,29,4
974,419,3
821,143,4
616,316,2
104,351,3
947,42,3
39,299,2
947,208,5
198,330,5
646,433,5
579,192,4
391,160,2
179,64,3
968,243,3
554,258,3
448,152,4
500,215,4
15,322,5
623,166,4
669,31,5
289,371,5
478,232,3
231,282,4
923,29,5
420,195,2
157,334,2
550,256,4
441,281,3
97,304,3
997,321,5
411,437,4
951,323,2
289,346,5
254,402,5
196,393,1
598,294,4
834,87,5
522,149,2
517,249,1
635,321,2
842,405,3
865,283,1
118,362,1
806,379,5
909,198,3
159,44,5
815,356,4
228,28,2
877,429,2
216,17,5
948,127,2
696,379,2
15,168,4
157,244,3
648,387,1
261,76,5
157,231,5
47,204,4
324,450,4
844,248,1
685,302,3
130,214,5
411,215,4
95,158,5
627,69,2
755,393,5
932,85,3
292,267,3
794,69,5
811,99,2
283,347,3
69,450,4
660,216,5
11,415,2
254,161,4
842,423,5
872,94,2
550,174,4
134,165,3
712,115,5
23,220,5
815,444,3
346,31,1
302,11,4
363,343,3
396,377,5
218,130,4
141,105,4
616,27,1
958,227,5
210,2,2
985,359,1
993,101,1
623,21,2
616,58,2
828,389,1
683,180,4
460,429,3
356,341,3
324,349,1
133,20,4
888,255,2
805,317,1
840,38,5
127,148,4
106,25,5
604,386,5
799,121,1
378,416,4
905,26,5
51,454,4
29,169,3
462,323,5
296,225,5
297,1,4
726,307,3
779,261,5
407,13,1
769,403,4
814,396,4
613,48,5
405,409,3
346,313,5
622,371,2
420,291,5
182,332,2
983,94,1
825,261,4
1,278,4
831,359,3
950,205,5
567,185,1
371,175,2
936,438,3
911,387,1
661,380,1
431,309,2
969,415,2
309,69,4
137,104,5
202,246,3
436,161,5
313,200,3
117,216,1
666,434,2
937,212,2
803,16,1
575,372,1
244,332,3
537,205,1
602,365,3
75,39,5
806,89,2
386,430,2
903,256,2
210,254,5
475,216,5
418,368,4
347,303,3
529,172,3
640,137,4
939,384,2
955,178,3
876,77,3
763,188,2
179,15,1
182,292,1
664,319,4
25,325,5
967,214,3
180,208,3
710,169,4
501,330,4
856,280,3
161,305,2
177,146,2
285,263,5
63,4,3
662,90,3
666,453,3
156,60,3
882,311,4
469,16,1
49,227,3
967,29,1
849,151,2
84,245,5
361,270,2
689,79,3
148,433,2
630,289,4
342,153,1
476,277,3
63,401,4
701,279,1
360,57,4
561,186,2
327,398,3
769,93,2
736,276,5
141,158,3
990,275,2
215,181,3
435,359,1
891,440,3
952,77,3
723,151,1
318,446,2
32,238,3
670,289,4
285,231,3
305,18,2
429,73,1
477,417,2
286,416,5
144,189,3
424,438,3
19,17,1
18,19,3
769,219,4
590,326,4
371,120,2
175,101,1
194,34,5
502,84,2
113,196,1
114,330,2
222,202,2
678,344,3
947,341,5
831,11,4
644,347,3
897,400,1
264,218,5
925,445,5
55,253,2
871,222,5
643,383,5
800,369,1
778,80,3
458,7,5
979,272,2
878,227,3
162,16,2
380,424,5
993,12,3
87,291,5
55,241,1
476,21,3
800,178,2
178,427,1
391,228,4
349,273,2
8,288,5
833,297,2
313,134,4
759,283,2
835,404,1
984,153,2
983,66,3
443,137,4
767,92,2
328,437,4
54,317,1
761,422,3
239,259,5
229,454,2
579,103,1
51,55,4
609,257,4
604,101,1
264,198,2
418,301,5
803,226,2
96,431,3
88,237,2
78,26,3
288,121,4
120,398,3
814,182,5
491,199,1
912,302,3
452,255,2
500,122,3
165,31,4
182,315,3
469,285,5
910,106,3
735,224,5
823,273,2
944,398,4
978,232,1
7,420,2
330,256,2
775,442,1
673,24,3
151,109,3
85,191,3
147,347,4
624,25,2
381,187,5
915,288,1
548,116,2
285,338,3
700,366,1
82,402,5
514,37,2
897,282,2
815,137,4
709,227,2
916,320,2
523,328,5
746,404,5
386,182,1
707,362,3
471,86,5
119,414,1
396,53,2
532,348,1
261,355,1
805,235,1
934,447,1
256,267,5
734,287,3
905,433,1
226,100,4
53,87,2
940,403,2
867,396,2
500,15,2
506,415,2
854,427,1
364,101,3
280,165,4
593,29,5
714,114,4
158,107,5
632,410,5
59,364,4
727,130,1
128,84,2
736,271,1
721,244,2
882,388,3
115,214,5
209,306,4
526,166,3
521,279,2
552,59,1
962,90,4
237,371,5
281,331,3
359,412,5
201,194,2
758,123,5
278,136,1
235,413,3
494,139,3
4,229,1
666,274,5
442,439,1
29,50,4
109,398,1
610,118,5
727,202,1
805,393,2
75,395,1
838,191,1
146,364,5
128,323,4
853,181,4
42,423,5
356,78,5
41,440,5
934,412,2
34,75,3
17,295,1
677,281,5
153,21,5
998,394,5
378,171,4
588,15,5
599,211,1
629,48,5
874,86,1
342,149,2
981,188,3
27,372,4
825,306,1
287,151,2
646,141,3
731,69,3
168,260,3
610,334,1
268,456,2
749,9,5
821,121,2
455,371,2
906,419,2
685,101,1
401,149,1
922,442,1
981,146,2
476,353,1
702,456,3
634,243,1
558,241,4
576,337,1
130,43,1
822,95,1
363,226,1
705,6,4
819,214,5
693,206,1
292,67,3
371,396,4
794,100,5
29,12,1
149,237,5
779,322,3
296,258,4
11,399,4
512,407,5
676,413,1
113,337,2
187,135,4
807,222,2
744,156,4
227,142,1
310,428,1
98,158,4
55,416,5
623,326,1
664,371,1
758,344,3
406,262,1
69,283,3
312,338,1
289,344,1
762,229,5
548,376,5
751,280,1
148,358,4
467,290,4
739,168,1
244,47,4
491,203,1
849,214,5
958,246,2
507,24,3
365,321,4
482,274,4
201,44,5
154,332,4
450,313,1
501,363,1
73,156,2
713,380,2
296,199,2
17,407,1
641,162,2
217,395,2
61,234,1
939,163,5
616,116,4
42,93,3
25,42,1
39,284,1
803,379,3
131,210,3
498,206,2
229,220,3
108,280,4
172,136,4
435,106,4
478,118,4
102,237,4
866,309,2
524,456,1
275,388,3
613,100,1
44,261,3
955,305,2
817,354,2
957,286,5
17,328,5
330,103,2
569,63,2
823,175,3
497,282,2
815,441,1
12,293,3
318,226,2
592,7,3
216,127,3
339,424,4
776,92,5
991,423,3
661,190,3
81,359,4
727,53,2
485,242,3
374,132,4
976,364,1
710,112,4
200,409,5
537,7,5
466,230,2
89,156,2
268,197,5
655,323,5
571,364,3
922,223,5
489,367,2
877,250,5
538,404,2
47,83,1
288,240,5
778,380,2
16,395,4
711,360,3
401,323,2
919,263,5
794,407,5
981,189,1
86,455,4
250,366,2
391,290,4
782,362,1
335,403,3
629,58,4
519,9,1
137,304,2
883,115,3
688,210,5
840,41,1
498,304,5
827,173,3
727,234,1
477,281,1
594,372,3
223,78,2
990,108,1
372,281,3
935,403,4
995,39,5
402,119,1
443,335,4
490,336,1
615,27,2
273,104,3
526,74,1
159,191,3
152,324,1
995,147,2
620,255,2
188,284,4
813,213,2
98,123,3
131,206,2
805,417,1
171,240,2
936,394,3
986,339,1
183,286,4
983,22,4
364,259,4
39,357,1
527,105,4
888,432,2
497,258,1
516,204,1
349,310,1
982,262,5
921,107,3
397,251,5
722,424,5
161,221,5
16,379,3
493,222,5
426,258,4
108,201,1
894,367,1
450,258,2
311,349,4
739,225,3
170,202,1
546,226,5
414,236,2
251,183,2
759,200,1
781,357,4
141,246,2
274,444,1
416,353,4
608,111,1
739,6,1
891,236,4
39,127,4
814,104,4
29,237,1
958,403,2
477,155,3
318,257,3
245,235,1
748,289,1
697,40,2
272,288,4
440,197,1
748,273,5
239,382,4
266,57,5
926,298,2
921,98,5
359,137,1
340,376,3
389,87,1
577,419,3
990,242,2
689,199,2
3,437,4
429,310,4
142,84,3
376,242,3
670,281,2
324,323,5
146,252,3
958,190,3
293,439,5
665,430,4
432,152,4
705,302,3
949,278,4
975,139,4
585,176,4
399,8,2
817,295,1
889,235,3
344,163,3
964,49,2
140,302,1
187,38,1
805,136,2
61,310,5
997,421,5
939,219,1
380,348,5
710,296,5
807,34,5
440,352,1
319,79,5
302,236,3
344,383,1
11,273,2
62,161,5
845,175,4
226,366,1
153,308,2
711,374,3
564,221,2
772,9,5
571,289,4
584,444,5
660,113,2
861,205,1
575,405,4
310,186,4
885,341,2
243,197,5
493,266,2
366,262,4
330,248,2
107,115,4
226,121,5
825,141,1
218,65,1
937,276,2
753,313,4
506,239,1
259,302,4
888,392,5
774,10,2
517,369,4
773,233,2
54,195,4
47,395,4
727,12,5
689,394,2
521,409,3
99,177,4
20,177,4
890,217,1
753,11,2
573,446,3
891,118,5
490,164,3
419,39,5
690,53,3
850,218,3
62,206,2
145,312,1
216,360,3
3,385,4
160,56,4
739,118,4
998,388,1
781,253,3
120,286,5
893,268,5
89,291,2
329,333,1
580,180,3
910,415,4
357,358,1
610,235,1
267,343,3
617,196,2
952,308,2
323,80,2
635,135,4
988,22,4
541,331,3
649,440,2
195,225,3
921,58,2
738,93,1
332,192,5
170,103,5
521,396,2
463,7,3
40,128,4
537,55,2
261,231,2
395,362,4
955,62,2
226,240,1
984,90,4
124,232,1
975,233,5
38,354,4
328,333,4
251,439,3
901,375,3
176,292,4
602,345,5
914,152,2
454,428,3
37,145,5
316,130,5
688,141,3
973,415,2
796,93,3
965,114,5
973,284,1
593,444,3
114,411,5
40,143,3
301,223,5
224,232,2
318,33,5
349,276,4
115,170,1
698,140,5
323,357,3
568,201,3
40,23,5
866,456,4
40,224,5
859,368,2
973,270,4
749,347,5
289,153,1
262,333,4
216,85,5
147,109,1
336,31,5
168,229,2
92,240,3
353,378,5
571,363,4
571,310,5
816,389,5
681,141,5
781,156,5
363,299,4
557,345,4
345,371,5
693,99,3
170,47,5
356,327,4
191,422,2
667,67,5
422,62,5
700,109,5
7,167,5
133,37,1
747,119,5
557,86,4
826,382,4
761,392,1
31,52,5
535,91,3
426,289,5
394,337,4
672,298,2
363,204,2
437,368,3
670,238,5
551,382,1
927,155,5
82,240,3
356,136,3
258,407,3
718,362,2
589,381,5
989,369,5
524,64,1
295,123,3
962,254,3
224,114,4
525,20,4
46,16,2
667,145,5
113,208,1
233,19,1
17,376,3
360,392,1
223,166,3
866,38,5
700,181,1
448,349,3
856,105,5
365,100,5
675,90,3
326,415,3
467,300,2
414,444,5
455,332,3
586,401,5
233,79,1
224,73,4
994,423,4
831,426,3
412,176,3
572,396,5
335,96,3
222,345,5
37,103,3
989,402,5
278,224,3
196,6,2
916,122,5
864,236,2
484,427,2
242,116,2
324,163,2
731,226,1
192,230,4
17,182,1
524,249,3
918,318,3
401,453,4
906,210,4
886,144,4
705,392,2
22,345,1
474,96,3
120,382,1
210,346,1
306,244,1
270,86,4
704,415,4
687,394,3
285,184,3
716,121,3
676,332,1
763,92,4
227,70,2
948,404,1
381,133,5
460,279,1
7,137,4
29,314,5
907,187,1
33,221,4
646,438,4
879,46,2
79,278,1
928,192,4
947,8,3
459,379,4
570,276,2
983,179,4
538,334,1
482,39,1
430,293,5
738,178,1
285,162,5
516,331,3
977,374,2
99,104,3
397,161,5
489,287,4
39,123,4
271,54,3
887,428,4
797,34,5
157,242,2
75,455,1
884,378,5
800,113,5
130,318,1
687,23,1
974,46,2
84,312,2
22,135,2
459,118,4
539,189,5
707,131,1
849,422,5
382,212,5
748,418,2
440,113,2
604,44,5
989,128,2
21,364,4
303,158,1
976,273,5
869,315,1
955,394,4
84,355,2
774,340,3
659,402,4
953,45,3
453,108,1
387,219,5
507,443,2
257,318,4
570,315,2
892,177,3
934,228,3
527,191,5
162,160,3
957,394,5
163,267,4
832,358,5
793,326,3
792,379,1
524,190,5
786,175,2
271,290,1
492,357,5
208,145,2
539,232,1
584,360,5
60,438,4
430,204,2
985,213,4
657,40,3
605,275,5
309,323,5
520,82,2
591,181,5
27,320,3
686,83,5
562,303,1
199,262,4
387,272,3
349,200,3
960,240,4
940,402,4
693,180,3
536,432,4
828,171,2
378,295,4
899,177,1
916,369,1
558,396,2
527,237,4
153,138,1
734,327,5
206,366,4
455,311,2
273,129,4
894,49,3
236,164,3
852,277,1
740,293,3
521,116,2
678,24,1
944,311,2
956,25,2
831,391,3
726,127,3
501,234,2
117,209,3
386,93,3
344,94,3
584,327,4
395,225,2
64,455,5
717,378,2
721,280,1
72,11,3
789,329,3
274,12,5
990,35,1
320,447,4
338,452,2
366,228,4
495,220,1
607,441,5
166,141,1
544,23,5
11,83,4
301,229,4
729,423,1
801,344,1
102,80,3
425,353,5
392,396,3
779,290,2
214,455,2
691,331,1
88,159,4
553,128,2
401,190,2
588,397,3
889,31,3
46,386,2
672,359,1
463,15,3
592,313,2
310,75,4
86,34,3
92,359,2
660,196,5
673,331,3
714,29,5
936,194,3
928,16,3
242,423,5
865,77,1
2,293,2
225,81,1
801,405,1
745,428,2
926,19,1
929,455,1
589,102,1
116,392,4
666,77,3
918,229,5
103,450,5
194,297,4
166,203,1
871,454,5
90,61,4
686,26,2
122,71,5
143,103,2
994,326,1
106,363,5
887,157,4
428,363,3
305,359,5
872,194,5
971,275,5
317,324,5
963,186,4
635,326,4
902,113,3
9,313,4
774,165,4
73,61,1
359,92,1
223,286,2
416,455,3
553,153,1
370,225,3
716,127,3
264,193,5
840,115,3
690,262,5
860,18,2
318,10,2
84,92,2
318,139,5
111,449,5
383,357,5
7,340,4
459,449,4
84,52,5
208,195,5
900,206,1
390,287,1
314,401,3
22,439,3
410,366,3
895,93,2
515,420,4
127,410,2
809,309,5
700,145,1
14,153,5
971,2,1
978,342,5
12,389,3
87,260,1
524,164,5
909,6,3
537,149,3
301,205,4
243,118,3
122,89,2
147,154,1
567,439,1
750,167,1
356,161,5
685,270,5
904,56,2
733,228,3
631,337,5
309,149,3
695,46,3
288,144,5
307,238,5
812,272,2
594,120,4
966,340,1
914,413,5
723,220,5
662,8,3
549,344,4
352,387,5
312,275,4
873,353,1
59,66,3
643,79,2
924,86,1
714,124,4
755,202,4
35,150,1
445,46,4
93,113,2
950,91,2
959,141,4
207,289,4
353,389,2
903,218,4
332,77,5
817,411,3
862,377,5
725,384,4
159,334,4
954,152,3
957,323,4
24,239,3
404,115,2
805,319,3
516,369,3
732,94,5
364,48,4
382,191,2
532,12,1
956,156,3
152,172,1
562,427,4
689,401,3
947,296,1
608,177,5
617,341,1
420,57,5
250,343,2
117,340,4
866,448,1
512,203,3
740,185,4
578,121,1
335,226,3
418,202,3
932,330,3
774,363,3
295,380,1
938,454,2
755,356,5
371,216,5
186,43,5
246,375,2
637,23,3
268,155,3
643,186,4
530,237,5
552,293,3
21,134,5
911,321,3
737,390,3
867,434,3
794,22,1
520,361,1
100,88,1
752,153,1
478,125,2
599,79,4
298,346,4
940,456,3
526,51,5
334,216,1
2,176,4
375,358,4
293,253,1
837,454,2
934,246,2
553,227,4
318,106,2
502,193,1
828,316,4
381,302,1
623,36,2
14,442,1
504,204,2
231,422,2
985,267,1
84,268,2
130,170,3
743,39,1
838,455,3
891,292,2
857,52,2
28,287,4
66,289,4
163,141,3
229,146,2
449,314,2
424,184,1
460,152,4
952,201,3
676,128,4
301,287,2
919,311,5
303,253,5
287,266,2
395,188,1
10,386,4
707,230,5
630,271,1
270,259,2
592,299,1
970,415,2
605,198,4
778,323,1
844,56,4
862,319,1
361,203,2
257,271,2
133,109,1
276,116,2
683,138,3
972,422,4
513,303,3
313,57,3
576,50,5
886,71,5
980,399,5
284,402,5
121,82,2
107,372,4
933,105,4
687,88,3
997,2,4
204,360,3
165,84,4
305,43,1
497,154,1
632,327,4
556,422,2
824,94,3
156,298,4
367,133,3
719,395,5
902,65,4
620,290,2
251,376,5
957,257,4
916,386,1
882,213,4
334,148,1
642,61,1
969,149,4
511,88,4
293,324,1
20,383,3
282,396,5
797,278,2
1,404,4
119,82,5
35,129,5
198,286,3
485,382,5
757,353,4
59,280,5
837,270,4
161,292,4
691,453,1
206,203,3
12,24,2
490,444,1
276,351,2
693,311,4
242,208,1
216,280,5
251,205,5
811,152,2
126,438,4
994,26,2
217,194,3
306,336,5
797,422,1
185,238,1
39,321,1
223,75,5
184,435,4
495,163,5
427,299,5
178,29,1
919,165,5
428,337,1
294,186,4
852,54,3
151,295,1
384,42,2
638,412,3
813,285,4
308,427,3
336,387,1
946,138,4
746,187,2
892,398,1
375,204,1
8,431,4
341,42,4
129,350,3
776,416,2
669,288,3
352,426,3
358,416,1
517,26,4
495,371,1
86,385,2
175,56,3
802,253,2
193,122,4
311,106,4
119,130,5
218,337,2
427,158,1
970,376,2
414,231,3
114,455,4
978,308,4
145,91,2
538,393,2
648,22,2
303,290,3
744,110,3
881,49,1
588,129,2
987,73,1
840,340,5
345,53,3
814,356,4
964,380,5
801,168,4
1,45,5
147,452,1
287,393,1
976,105,3
654,150,4
53,146,5
304,204,2
69,362,2
361,299,3
602,167,4
958,201,2
220,134,3
962,211,3
704,48,4
966,126,2
575,239,2
585,7,2
161,453,1
681,272,2
89,385,5
688,371,1
781,37,1
585,211,1
757,165,1
589,125,3
159,337,5
489,192,4
971,218,2
324,214,1
610,62,4
381,328,3
102,445,4
494,381,1
644,161,5
614,66,4
19,286,1
454,239,1
482,20,2
594,188,2
397,82,5
279,363,2
851,202,5
365,408,3
331,132,3
641,37,2
344,132,3
822,77,4
455,89,4
601,402,4
725,253,3
655,344,4
65,194,5
76,176,1
711,33,2
143,58,5
917,201,4
915,28,1
828,35,2
605,125,5
473,394,2
417,321,3
305,42,4
736,85,5
497,393,5
291,188,1
940,111,1
102,271,1
986,441,2
267,325,4
867,105,2
968,406,4
622,320,5
974,41,2
842,215,2
962,71,2
942,56,3
777,407,4
3,236,4
85,281,2
794,105,3
328,390,2
816,375,4
450,162,5
454,191,3
924,9,3
629,60,2
221,381,5
154,305,4
665,225,1
12,307,4
133,188,4
994,70,5
304,293,3
293,287,4
975,169,3
300,62,5
740,349,5
783,442,2
43,14,1
944,164,5
343,420,5
326,245,3
814,335,5
498,8,4
364,154,2
891,36,2
427,48,4
21,85,5
407,28,1
619,196,5
336,446,2
815,208,1
117,204,3
124,307,3
399,104,5
793,230,5
804,426,1
715,101,1
51,29,5
783,127,2
324,338,3
789,10,1
141,106,2
470,167,5
787,257,4
802,295,1
334,277,4
893,65,2
964,271,3
373,388,2
564,188,3
494,317,2
539,404,1
669,138,1
751,343,4
156,105,2
291,34,2
648,380,4
144,110,5
106,432,2
420,33,2
670,354,2
658,231,5
2,317,1
945,266,4
589,182,5
644,340,3
90,65,3
345,333,5
350,1,5
459,133,1
263,80,3
351,271,4
108,241,2
586,28,2
39,223,1
909,23,1
159,109,3
583,107,4
959,145,4
312,369,5
241,354,1
938,397,2
445,398,2
298,139,3
952,284,2
36,298,4
84,99,4
452,317,1
886,123,3
775,320,2
822,287,1
385,81,5
172,10,5
376,8,2
685,405,2
362,205,2
559,315,4
891,434,2
141,197,5
887,198,2
918,30,3
118,401,5
277,20,3
726,48,5
220,130,1
905,293,5
26,385,5
521,132,3
783,356,3
10,54,5
984,378,5
378,281,4
633,387,1
637,265,1
682,215,2
584,290,5
152,43,5
720,74,5
49,350,5
154,278,1
859,326,3
293,242,4
580,130,3
50,350,3
664,194,1
531,32,4
612,106,5
60,400,1
167,204,1
202,1,4
857,245,2
146,72,1
915,432,3
676,306,3
970,397,5
993,15,1
439,53,5
242,428,1
581,8,4
687,330,1
561,46,2
483,325,3
108,114,4
226,147,3
673,166,5
631,379,4
661,139,2
977,117,3
662,299,1
432,276,1
805,404,1
655,277,4
419,338,2
988,313,2
455,178,2
160,330,3
523,354,4
650,154,1
969,414,3
590,201,2
77,366,1
509,115,4
441,159,5
254,42,2
921,247,2
770,68,2
320,445,2
803,445,1
263,326,4
597,334,3
658,196,1
835,90,4
554,111,3
374,368,2
637,359,4
167,145,2
937,275,4
753,179,5
459,241,2
999,326,2
280,319,2
700,331,1
302,414,3
531,153,2
580,104,2
218,75,1
102,128,1
554,199,5
288,154,4
167,56,2
621,278,4
36,345,1
744,19,1
741,159,5
353,26,3
676,426,1
899,169,2
73,23,5
648,47,3
353,13,5
891,217,1
70,322,3
425,194,4
999,144,3
708,73,2
561,77,4
828,419,2
642,169,4
956,287,1
517,85,3
428,416,3
539,182,2
160,456,1
149,315,4
776,297,3
230,112,3
712,450,3
562,230,3
67,96,5
812,438,2
381,168,4
58,378,4
259,156,2
342,421,1
838,105,2
130,193,3
727,330,3
172,439,2
770,132,2
614,355,4
209,382,4
803,138,5
354,431,5
471,331,3
798,270,5
116,38,5
264,396,1
662,45,2
812,401,4
442,163,5
548,450,4
453,331,5
845,253,5
477,169,3
287,451,1
303,285,2
311,274,2
208,20,3
618,239,3
446,270,2
670,418,2
633,433,1
55,310,5
912,31,1
12,314,2
657,104,5
400,170,2
908,186,1
648,128,1
980,210,1
515,414,5
656,281,4
542,447,4
237,253,2
279,19,5
348,200,3
627,220,4
104,136,5
630,223,5
517,3,4
980,451,5
872,236,5
248,342,4
364,228,1
321,401,2
633,142,3
286,9,2
149,190,1
84,350,1
966,405,5
406,165,2
978,139,1
456,276,2
743,291,1
800,53,3
161,175,1
784,110,2
460,203,5
550,436,2
500,136,4
738,4,2
509,155,3
654,172,3
804,424,3
481,358,1
663,47,3
114,94,2
749,428,5
578,48,3
361,240,2
341,347,1
770,213,1
987,436,5
761,340,5
969,324,2
449,139,5
843,205,5
835,381,1
180,73,2
702,4,5
407,76,2
666,329,3
196,77,1
466,304,1
311,256,1
262,410,4
419,102,2
406,106,3
939,333,5
143,39,3
342,314,2
316,275,1
101,88,4
244,211,2
490,369,2
12,77,5
239,77,3
561,442,3
42,28,5
678,245,4
594,66,1
429,266,1
803,382,4
158,205,5
216,58,2
670,201,3
462,225,2
134,142,3
67,381,2
848,368,5
7,84,5
948,143,4
526,352,2
73,33,2
399,401,4
405,152,4
675,158,5
578,446,5
859,141,2
130,446,5
931,251,5
466,303,2
206,112,4
788,144,2
978,450,1
768,209,2
266,224,1
537,43,2
962,264,1
793,244,1
253,3,2
822,125,5
289,268,3
164,84,5
95,16,1
782,334,2
833,59,2
110,177,2
336,63,2
822,446,3
238,49,4
381,307,1
436,246,3
899,289,5
483,286,4
937,443,4
902,332,2
25,15,3
653,338,5
117,255,2
482,92,2
392,279,1
917,206,4
994,94,5
964,225,4
537,301,3
79,318,1
580,199,2
173,271,1
956,234,2
12,46,1
800,64,2
128,230,4
608,430,4
92,440,4
653,249,4
543,246,1
846,428,2
532,75,4
658,157,1
989,223,2
828,190,1
447,52,4
390,438,3
672,88,1
861,313,4
43,339,5
254,66,2
130,150,4
60,20,5
663,33,1
467,328,1
287,281,5
517,46,5
467,73,2
930,354,1
778,313,5
345,343,3
642,133,3
382,55,5
779,61,2
690,345,1
253,8,3
927,272,5
56,246,5
463,176,4
457,116,5
983,317,2
83,271,3
905,193,4
99,150,3
149,131,3
329,102,2
156,310,5
190,270,2
494,292,5
883,210,4
263,361,2
80,338,2
400,67,1
764,10,2
609,49,1
260,111,5
772,321,5
615,219,5
552,57,1
785,283,5
101,113,3
359,133,2
380,71,1
820,83,5
221,57,3
820,376,2
420,349,2
124,271,5
422,111,3
231,357,1
690,375,5
63,76,2
485,158,2
628,20,2
703,421,5
574,131,4
768,329,4
483,122,4
519,41,3
92,410,2
982,130,3
526,23,4
455,279,1
741,251,3
598,400,3
645,9,5
510,13,3
183,412,5
386,411,1
574,307,2
731,320,2
405,52,4
246,209,4
742,38,1
591,100,2
661,193,4
650,402,3
471,191,5
826,51,4
888,393,1
423,141,2
901,168,1
65,311,5
13,109,5
213,207,1
986,427,4
242,300,4
493,110,2
213,196,2
693,417,3
338,152,3
997,420,2
173,243,3
672,128,1
164,105,4
465,10,3
995,356,3
497,148,1
700,365,5
395,364,2
703,140,1
917,190,5
308,402,1
768,94,4
183,229,1
629,63,1
794,340,4
510,25,2
708,268,5
546,405,3
564,281,2
624,11,1
764,320,3
594,201,4
744,126,2
227,306,5
745,190,2
733,89,2
436,355,3
925,116,4
422,352,4
554,177,2
21,14,4
554,257,3
397,209,3
625,281,5
105,443,4
192,328,5
17,325,1
120,389,3
393,105,2
425,147,3
129,279,1
130,9,2
572,118,4
560,94,4
29,434,3
97,144,2
10,289,2
242,386,5
826,14,1
956,257,4
232,346,3
789,186,2
284,345,4
715,400,3
759,207,4
802,346,3
776,431,4
955,172,5
726,270,1
200,221,4
945,152,1
79,111,4
913,183,2
956,399,5
855,339,5
856,72,1
173,418,2
467,386,3
581,283,5
416,74,2
940,355,2
449,215,1
87,328,2
101,23,2
8,68,3
845,398,1
200,447,1
505,373,2
87,362,3
43,93,4
385,321,5
621,324,1
435,384,3
408,63,3
483,224,2
664,225,5
17,369,1
645,346,4
148,337,2
277,103,1
232,215,1
826,192,3
927,160,5
366,372,4
228,207,5
651,269,3
436,194,4
399,380,4
211,403,2
391,152,4
499,237,1
540,88,5
563,11,5
491,187,2
442,214,4
261,15,3
773,266,1
350,297,2
352,411,4
520,444,3
320,73,4
138,52,2
550,128,3
623,28,3
992,65,3
368,17,3
220,351,4
337,428,3
223,138,4
648,319,3
768,229,3
360,254,2
921,210,4
329,431,4
962,294,5
463,231,2
946,241,4
963,70,2
561,104,2
804,204,2
382,53,1
836,428,4
590,375,2
617,330,1
169,54,1
217,276,3
378,335,3
119,31,4
190,135,3
767,58,4
370,105,1
778,266,1
149,10,4
676,253,3
652,295,3
859,156,4
488,158,5
770,37,3
374,119,2
781,67,3
693,242,5
160,299,1
351,213,1
912,308,1
288,101,3
288,56,1
892,332,5
226,324,5
523,239,3
522,393,2
783,231,3
273,362,1
936,381,3
183,279,3
969,447,3
665,109,2
488,317,5
827,168,4
846,300,4
124,408,5
985,435,4
626,442,1
790,218,4
414,222,1
980,161,5
725,16,4
172,278,4
288,57,1
435,62,1
686,363,3
113,327,2
888,242,4
917,90,2
995,72,2
122,326,4
544,30,1
222,359,3
631,407,5
39,288,4
497,86,4
780,234,5
233,235,2
943,313,3
530,365,2
149,265,5
397,287,5
661,327,3
638,393,5
904,269,5
302,186,3
360,131,4
238,291,2
647,277,4
663,320,4
236,351,2
736,180,4
203,290,3
256,377,2
598,163,1
662,271,4
235,376,5
345,96,2
534,262,1
860,365,5
797,353,1
781,288,4
466,436,5
770,83,4
541,225,5
213,412,2
463,223,3
436,118,3
283,192,1
562,79,5
607,78,4
463,147,2
407,107,2
88,382,2
44,271,3
461,390,4
278,244,2
683,73,2
421,357,1
701,354,5
353,422,5
696,26,5
515,210,1
703,92,3
630,125,1
19,435,2
23,73,4
413,123,2
30,309,2
807,184,4
108,187,5
367,198,1
281,78,3
128,348,2
229,186,2
111,344,3
136,253,1
362,13,2
186,299,3
656,76,2
584,51,5
129,275,5
876,149,2
261,219,2
515,122,5
449,211,2
900,280,1
104,26,1
483,173,4
224,156,1
832,238,2
874,376,2
866,82,3
491,356,1
473,413,5
10,273,5
405,68,4
896,44,3
302,61,5
231,123,4
731,349,1
923,196,3
66,330,3
937,409,2
112,323,1
13,111,3
393,258,4
500,89,5
598,198,1
234,282,3
602,200,3
314,99,3
566,27,4
12,89,2
209,146,3
974,182,2
14,257,2
633,189,1
418,240,5
437,359,5
377,387,4
20,196,4
587,297,5
912,165,5
755,307,1
735,271,1
70,8,5
824,38,3
211,114,3
101,339,1
698,56,2
132,431,5
623,359,4
381,138,3
132,102,2
20,334,3
906,177,2
536,169,5
227,339,5
154,286,5
805,261,1
742,375,2
469,223,4
822,199,4
1000,211,5
871,287,4
405,180,3
202,250,2
38,231,2
942,23,2
772,48,3
188,109,1
57,296,3
941,6,2
20,38,2
273,169,2
119,356,4
583,283,1
516,203,3
221,325,2
526,313,5
515,273,1
728,244,5
741,327,1
336,47,2
698,249,1
55,79,1
500,110,2
900,13,5
888,395,5
766,380,4
536,365,5
162,90,5
670,342,1
594,348,4
915,280,2
159,221,2
188,73,3
60,234,4
915,260,1
817,113,3
319,46,3
878,274,2
211,43,5
406,208,1
664,417,4
109,349,3
76,103,1
542,124,2
314,10,3
998,329,3
117,187,2
927,31,2
868,156,2
704,60,1
19,249,1
432,387,1
685,374,5
740,439,3
350,270,1
183,442,5
113,217,3
183,399,1
481,2,2
146,24,4
831,206,1
628,320,4
113,199,1
763,356,2
476,114,4
763,280,5
303,155,2
971,165,4
825,222,4
118,91,2
813,167,2
161,447,2
401,207,3
198,282,5
260,65,1
660,376,4
752,4,1
47,157,2
987,249,5
399,257,5
710,235,3
559,306,2
78,366,4
124,395,3
75,74,2
871,187,3
137,62,1
602,337,2
400,164,4
837,56,4
505,111,2
500,218,3
573,240,5
138,21,2
50,141,4
771,265,1
973,139,4
619,70,5
625,385,4
862,118,5
254,198,2
630,205,4
710,214,3
849,56,3
877,287,4
563,293,4
757,175,1
915,347,4
426,370,1
547,128,1
302,431,1
922,378,1
581,325,2
349,442,3
832,292,1
933,288,3
980,226,1
49,64,3
917,455,4
74,426,4
261,202,1
356,337,2
582,414,3
602,405,5
260,60,2
638,397,5
743,257,3
295,65,1
931,239,5
641,289,3
792,38,2
313,25,1
612,410,5
838,59,3
809,417,1
182,357,1
686,383,4
828,297,1
364,158,3
188,57,2
569,433,4
543,48,3
596,328,3
664,433,3
985,431,5
548,56,5
725,65,2
926,268,3
408,69,5
876,216,5
618,390,5
414,89,2
342,449,2
220,281,3
903,257,4
163,160,3
951,234,5
220,131,5
270,49,1
632,147,3
906,316,5
848,413,5
400,434,4
182,2,1
991,329,3
618,440,2
729,145,3
205,444,3
582,366,4
556,420,3
841,61,4
813,273,4
228,49,5
696,332,2
619,444,4
596,404,1
850,434,1
250,131,2
875,43,4
441,57,2
533,50,5
196,452,1
690,178,3
929,293,1
987,46,4
519,170,2
70,271,1
639,417,3
399,336,3
672,247,2
760,148,1
203,230,4
148,280,5
472,125,3
655,192,2
944,374,5
199,80,5
917,94,5
426,226,4
666,65,2
492,88,3
888,88,2
896,201,1
142,214,3
313,204,2
165,401,3
314,382,1
21,89,3
82,61,5
581,271,4
131,94,1
599,307,3
730,27,1
933,214,5
984,74,4
305,61,1
915,186,5
371,31,5
857,219,5
853,12,3
384,302,2
908,415,1
445,32,2
425,160,5
161,237,2
178,227,5
629,181,5
708,317,4
895,46,4
490,341,2
327,80,1
598,135,2
289,260,1
593,308,2
664,247,3
573,159,3
573,203,1
354,112,4
28,292,1
954,438,2
43,310,5
681,119,3
423,383,5
598,17,3
177,331,2
529,414,3
610,227,1
966,361,5
494,406,5
198,117,2
610,43,5
577,368,2
842,115,4
853,283,1
517,37,3
514,302,3
22,113,3
112,35,4
57,132,1
66,336,5
842,336,5
98,410,1
144,377,1
880,228,3
435,147,5
637,122,1
679,81,5
86,173,1
588,154,2
344,150,3
936,375,1
294,58,4
956,63,1
571,156,2
650,449,4
611,428,4
704,356,1
243,427,2
831,421,4
561,322,3
960,401,3
32,168,5
391,166,5
277,85,2
532,445,4
154,137,3
383,189,3
68,400,2
878,379,4
884,2,2
214,106,1
655,364,3
376,72,2
744,427,2
213,126,1
79,170,5
726,205,3
628,313,2
604,337,3
782,195,5
923,158,2
381,141,1
680,275,3
58,7,1
796,393,5
26,54,5
881,104,3
447,342,5
66,338,4
921,61,3
760,87,4
254,258,5
899,178,3
968,242,4
44,203,5
97,31,2
554,289,2
227,80,1
774,11,2
679,417,4
436,254,2
791,384,3
601,391,3
379,384,3
178,287,2
427,176,2
915,126,1
709,47,5
307,206,1
779,437,4
504,107,3
268,275,2
586,337,5
8,123,5
920,134,2
508,107,1
476,305,5
297,329,1
164,50,2
485,337,1
597,95,3
72,268,2
567,23,2
905,54,5
559,374,5
911,254,5
944,453,3
238,235,3
104,59,4
210,164,2
554,259,5
828,314,2
468,216,1
454,183,3
268,57,4
386,145,1
775,423,2
848,90,3
387,452,5
877,311,1
259,45,3
283,257,2
626,21,2
875,21,1
40,52,1
486,338,1
929,171,4
220,436,5
129,67,3
520,113,2
928,160,5
892,266,1
688,320,1
619,232,2
613,325,5
260,68,2
990,28,1
966,437,3
366,116,1
758,51,3
787,181,4
544,260,5
649,79,4
524,273,1
907,108,5
814,451,1
887,74,5
16,175,5
129,184,1
575,23,1
109,274,5
887,129,5
533,291,1
670,320,1
269,186,2
162,59,2
260,1,2
924,131,4
102,67,5
506,293,3
735,285,4
571,89,5
247,417,3
640,100,2
795,189,3
837,378,1
537,346,1
131,388,5
353,241,4
196,270,2
793,219,5
916,417,2
930,406,1
666,176,4
382,387,4
645,341,1
227,233,3
701,151,4
476,452,3
477,277,2
265,229,4
372,171,1
486,223,3
434,213,2
646,282,2
211,41,4
572,122,4
940,227,5
377,294,5
395,88,4
450,267,5
943,29,1
364,247,1
876,316,5
457,451,4
725,449,1
226,61,4
982,147,3
131,174,3
588,433,4
476,278,5
798,334,1
986,369,1
277,441,4
156,379,2
760,142,5
218,44,2
190,144,4
417,353,4
981,333,2
675,396,3
692,55,4
546,307,5
41,358,2
307,423,3
943,417,2
338,161,3
314,285,3
75,325,5
953,198,4
279,159,3
176,80,4
896,31,5
662,112,4
273,46,1
837,353,3
620,205,5
651,52,2
862,138,5
783,74,3
859,41,5
931,77,2
289,387,1
724,187,3
893,370,3
272,52,5
930,418,4
66,433,4
483,412,2
936,87,1
248,109,1
156,397,5
47,225,5
935,248,4
454,69,1
201,120,1
660,67,1
124,61,2
1,444,2
968,327,5
759,408,4
855,191,3
640,189,4
191,151,2
579,286,2
516,444,5
921,96,1
815,312,3
806,309,3
143,263,3
191,97,5
533,453,2
227,113,1
313,125,3
629,456,1
949,436,3
302,132,2
654,418,1
996,453,4
460,417,2
401,121,1
551,197,3
393,294,3
867,122,2
764,282,2
845,385,3
207,260,1
210,39,4
115,54,5
737,161,2
646,289,3
251,200,1
219,276,2
407,16,1
443,405,2
603,173,3
354,248,1
888,383,3
558,218,1
550,87,2
142,82,5
612,62,5
501,287,4
840,42,4
702,12,3
547,321,1
659,234,4
542,329,2
846,131,5
507,115,1
596,218,5
881,137,1
281,106,4
424,179,4
856,16,3
270,242,1
154,334,2
614,381,4
727,387,3
662,226,4
944,242,5
83,408,4
622,141,1
947,386,3
899,199,1
426,112,2
275,127,2
713,21,4
284,147,3
980,89,3
173,303,3
327,406,3
63,417,1
73,416,4
763,448,1
636,85,5
375,167,5
633,384,1
508,72,4
787,298,2
943,9,4
398,281,2
120,258,4
934,275,3
437,238,3
829,20,5
676,233,5
936,221,1
465,326,2
286,17,3
265,380,4
320,89,1
673,196,4
376,350,3
820,84,3
89,387,3
654,87,3
203,307,4
821,338,1
739,154,3
955,440,5
334,228,1
222,448,5
41,264,4
708,223,3
68,421,1
988,121,3
776,411,3
514,173,1
873,4,3
637,342,3
622,128,2
598,110,2
937,355,1
632,37,1
127,71,3
255,289,5
695,31,1
16,439,3
477,381,5
62,268,2
881,11,1
432,344,3
670,328,2
268,32,4
35,57,2
779,166,3
576,188,5
494,342,4
562,19,4
469,116,4
767,184,1
661,270,3
325,33,4
304,10,2
276,80,5
869,192,3
963,320,2
684,190,1
929,68,4
201,348,2
445,125,3
905,427,2
324,336,1
35,59,5
977,436,4
482,97,3
728,275,4
480,149,4
65,278,4
8,265,2
301,9,2
343,283,5
431,273,1
424,428,3
332,301,2
438,8,4
588,208,1
174,402,3
559,125,3
527,123,3
873,33,3
659,1,5
26,204,3
820,6,1
605,297,2
406,439,1
232,5,4
533,443,5
819,80,5
550,274,4
788,177,1
505,338,1
669,321,4
179,339,3
132,438,3
823,445,2
455,136,1
348,387,1
540,25,4
772,325,4
406,183,3
76,168,1
941,338,1
579,178,5
854,373,2
492,95,2
194,33,3
984,111,1
162,146,5
347,381,1
951,441,4
361,231,3
769,272,2
584,336,1
87,38,3
934,425,2
262,135,1
214,334,5
665,235,3
722,437,1
913,319,2
573,368,2
780,345,5
262,160,3
730,38,3
283,150,1
648,400,2
467,308,2
380,29,5
362,144,5
449,76,3
441,145,2
93,229,1
621,64,4
753,347,1
867,345,5
424,269,1
142,328,2
291,184,3
432,261,4
749,268,3
852,169,4
824,259,4
689,227,2
653,33,2
701,377,5
998,214,5
49,50,4
302,440,5
881,393,2
190,210,5
136,434,4
555,29,3
404,39,1
892,347,5
865,100,2
602,173,3
807,17,2
341,56,5
757,226,4
945,46,1
704,67,1
318,197,3
618,142,1
363,323,4
822,23,2
382,94,4
233,242,3
777,237,3
344,445,1
549,407,4
553,54,4
529,138,2
856,333,2
789,272,4
819,41,5
571,98,4
935,183,2
183,128,3
41,229,3
551,317,1
397,86,3
704,256,5
779,209,2
494,215,4
659,374,4
907,100,5
333,49,3
127,201,2
558,436,3
557,258,1
1,376,3
168,178,1
620,245,4
19,123,2
332,342,1
584,171,3
456,333,3
957,136,4
109,59,5
268,193,5
445,268,3
240,260,5
929,373,2
301,95,5
602,125,2
103,41,3
988,379,3
250,254,3
453,7,4
520,216,5
153,69,1
859,69,1
174,81,3
343,30,5
670,73,2
431,262,1
727,89,3
689,403,1
687,208,1
852,213,1
850,322,3
658,266,3
962,400,4
324,293,4
990,207,4
673,333,1
639,77,5
420,288,3
594,47,4
485,110,5
659,200,4
751,427,4
412,210,5
936,376,4
84,420,1
113,154,1
737,10,1
332,415,2
378,353,4
755,157,2
655,261,3
41,77,5
935,257,3
770,131,2
959,67,1
797,455,4
105,228,4
202,163,1
450,15,4
819,232,5
843,195,5
973,349,5
266,30,3
910,359,1
210,338,5
563,331,2
118,427,5
713,316,3
377,296,2
551,449,1
540,413,1
771,330,5
84,220,2
454,377,2
667,147,5
629,259,5
514,292,4
605,299,4
678,143,5
387,425,3
912,235,4
350,115,5
296,365,2
258,90,4
81,208,3
937,164,1
268,84,2
419,77,3
235,161,3
833,5,3
311,78,2
813,91,3
975,87,1
986,270,4
357,104,2
213,452,3
574,339,5
49,175,4
127,54,2
223,388,5
921,211,5
279,95,3
408,223,2
505,9,3
294,53,1
796,77,5
277,206,1
438,316,3
107,302,4
658,310,5
420,330,4
611,112,2
429,351,5
375,165,1
73,279,4
949,27,2
998,70,5
634,218,2
30,450,1
188,365,5
364,189,2
866,333,3
800,435,5
451,306,5
195,124,5
156,19,5
172,257,3
847,296,1
41,416,3
63,22,3
23,368,2
360,450,4
75,40,4
560,38,2
672,48,3
825,183,2
118,75,5
612,209,2
380,183,2
929,435,5
920,107,4
679,188,5
290,264,1
440,86,2
668,324,2
933,331,4
7,456,3
196,137,5
421,346,3
568,386,1
833,336,5
193,95,1
559,326,1
148,245,1
787,90,5
669,59,5
202,403,4
444,28,2
914,72,3
988,270,3
419,24,1
427,112,5
479,300,5
475,56,1
126,223,2
395,120,3
817,179,4
881,288,2
806,434,5
576,425,1
325,450,3
392,281,1
930,372,5
688,189,1
628,66,3
440,298,1
204,449,3
486,420,1
833,249,1
31,76,3
388,137,1
625,164,2
877,233,4
434,255,2
837,294,4
926,417,2
376,170,4
344,317,1
443,174,3
579,345,3
75,445,5
557,18,4
772,70,5
666,338,5
155,116,4
430,80,3
363,15,4
448,176,1
987,456,5
234,269,5
563,119,4
818,299,5
262,188,3
827,57,5
125,199,4
911,17,3
245,434,3
542,288,5
938,406,4
485,55,5
122,441,1
125,269,1
549,303,3
170,87,5
124,318,1
869,438,2
35,29,1
87,22,5
646,321,5
708,285,1
786,48,5
201,5,5
369,250,2
797,163,3
77,202,5
59,101,4
431,71,3
638,430,3
500,163,4
913,173,1
109,141,2
736,138,5
278,66,1
68,198,4
69,328,2
165,228,2
489,281,2
305,172,4
909,316,1
674,431,5
365,40,2
854,7,2
821,174,1
379,151,2
343,211,2
947,302,4
899,86,3
554,397,1
354,253,1
416,21,1
109,257,4
563,379,4
762,403,5
497,381,4
341,444,1
942,33,5
383,260,3
533,234,2
300,3,2
139,347,5
359,308,3
836,227,2
499,284,5
385,70,4
604,454,1
959,439,3
280,313,2
637,364,1
483,254,5
909,144,2
111,24,1
866,453,4
139,425,3
996,234,5
435,333,2
509,175,4
273,332,3
99,325,3
764,357,4
850,159,2
104,348,3
214,348,5
761,286,1
664,18,5
762,44,3
165,355,4
999,410,1
853,377,1
520,231,1
284,371,3
517,316,2
657,402,3
613,225,2
164,217,4
886,56,4
659,31,4
64,357,4
91,59,4
117,380,5
866,386,3
267,353,2
822,423,4
685,445,5
559,235,5
140,107,5
246,191,3
661,18,4
758,401,5
395,226,5
487,167,4
476,71,3
517,362,5
977,54,2
184,245,1
20,350,1
937,76,1
558,35,3
524,267,5
582,317,1
529,300,1
883,121,4
147,324,5
666,25,5
304,432,4
620,160,5
748,84,2
820,114,3
864,223,4
582,388,1
695,166,5
762,191,2
228,175,2
102,1,3
587,387,2
417,229,5
958,86,5
216,62,2
407,320,5
923,382,1
715,206,4
704,105,5
761,318,5
499,291,3
754,250,4
465,13,4
691,163,4
949,43,2
974,386,1
731,440,1
82,111,3
604,205,4
947,384,4
687,256,5
751,307,2
772,438,2
903,144,3
365,146,1
163,391,4
48,301,3
511,164,2
329,169,2
840,298,2
116,233,4
941,391,4
849,271,4
337,60,5
881,296,1
737,235,2
864,165,2
840,194,5
147,234,2
575,368,2
806,183,4
323,333,4
443,232,1
837,361,2
13,107,3
943,378,2
494,223,2
701,80,1
287,234,3
720,381,2
114,184,3
480,428,4
22,185,4
349,134,3
726,220,2
683,288,3
835,364,3
566,202,4
906,370,3
810,146,5
320,324,5
126,127,4
277,135,2
976,114,2
204,264,4
194,64,2
681,135,1
664,41,5
547,296,1
696,3,1
286,401,1
57,194,4
734,110,1
303,221,3
163,370,2
19,368,4
370,436,3
264,406,3
794,4,5
113,244,5
488,390,3
327,166,5
542,26,2
647,395,2
579,17,5
65,216,1
292,92,3
25,31,2
549,205,5
1,419,5
911,400,2
549,207,2
141,107,1
744,146,5
648,367,5
901,101,4
188,368,1
128,318,2
201,368,2
127,241,3
257,411,2
676,247,5
547,163,2
194,372,5
703,173,5
104,35,1
535,284,2
265,359,1
802,381,5
942,358,2
974,393,2
384,399,1
260,21,1
414,308,5
991,163,5
358,97,2
75,307,2
355,339,4
584,55,4
771,333,3
910,127,5
188,428,3
973,193,3
685,243,1
992,349,1
290,88,4
45,336,3
573,409,4
83,215,5
123,92,2
358,303,1
528,235,5
66,184,5
936,38,1
657,139,1
375,195,3
162,15,4
746,257,5
380,135,3
656,1,3
358,49,5
188,96,5
322,201,2
450,413,4
474,26,5
13,343,1
184,429,2
111,235,4
927,349,1
508,244,1
290,358,4
295,327,2
451,396,1
904,351,3
215,416,4
974,374,4
632,404,5
894,375,2
567,51,3
27,81,3
630,36,5
733,67,1
231,129,1
565,370,3
807,155,2
321,245,1
913,111,4
233,168,5
670,142,2
437,356,1
781,197,3
533,109,5
403,376,1
53,79,3
787,390,1
313,161,5
281,439,4
726,19,4
31,127,3
337,205,4
183,29,5
23,445,3
544,454,1
446,207,2
74,280,1
10,151,5
484,240,3
456,266,1
566,182,3
564,105,4
660,425,2
160,433,5
882,401,1
14,440,2
178,236,5
412,173,5
878,158,4
53,172,3
408,311,3
847,403,2
22,157,4
30,258,5
703,164,4
260,147,4
205,391,2
59,154,3
471,367,4
776,38,4
466,131,4
12,358,1
631,255,4
927,208,4
974,450,5
290,95,1
850,348,4
760,327,4
354,171,2
639,250,2
75,190,1
873,199,5
716,221,1
561,24,1
591,244,2
441,423,2
991,324,5
241,128,4
861,93,5
154,300,4
786,133,3
96,55,2
726,158,3
294,29,3
209,410,2
88,154,1
818,293,4
776,222,5
937,115,2
390,437,1
325,158,5
940,259,5
889,251,5
832,122,3
157,299,3
668,263,3
651,381,3
633,49,1
577,377,3
619,329,2
659,297,5
137,362,1
923,77,3
674,438,5
428,127,1
452,197,5
612,221,1
850,91,4
911,411,1
819,8,3
141,32,5
83,320,5
177,394,5
198,269,2
624,191,2
568,349,3
972,163,4
691,61,2
421,438,1
401,264,3
698,285,4
471,95,1
218,41,5
925,414,2
929,149,1
828,204,4
987,267,3
729,2,1
632,178,3
951,425,5
906,194,4
175,387,4
23,336,2
725,435,4
917,196,1
235,343,1
13,249,1
101,212,5
929,153,4
536,158,4
876,362,1
523,139,2
785,221,2
452,273,4
431,154,4
793,249,3
606,279,4
713,440,1
533,436,5
852,304,4
979,276,4
723,2,1
652,88,3
810,411,2
913,130,2
101,78,2
502,260,5
304,241,5
871,141,4
540,228,4
553,163,4
355,236,5
303,128,4
496,200,1
658,450,3
768,390,2
974,31,2
227,138,1
236,21,4
873,234,5
892,202,4
13,131,2
210,416,2
741,148,5
397,29,2
100,361,4
31,308,1
898,371,5
528,430,1
649,162,4
329,357,5
166,340,1
459,61,5
952,456,5
982,71,4
993,326,5
100,395,5
621,364,2
855,243,4
173,249,3
749,221,5
162,447,1
905,21,2
728,387,2
776,82,5
263,344,3
804,367,2
274,10,4
3,411,5
28,12,5
326,263,3
940,145,4
149,449,4
540,192,3
488,250,1
822,114,4
438,26,1
65,271,1
356,33,5
533,62,5
252,229,2
235,303,5
227,95,4
525,35,4
313,193,1
49,456,4
118,76,5
54,379,5
650,249,5
565,83,3
44,25,4
815,57,2
53,32,4
586,319,4
558,12,3
525,319,4
677,333,1
102,92,5
792,1,5
770,435,3
982,326,5
849,136,1
868,196,3
398,133,2
138,86,5
675,295,4
921,279,1
387,324,1
111,180,5
614,4,2
17,126,4
780,175,2
182,251,2
884,21,5
536,440,4
541,105,5
171,66,5
409,443,1
740,263,5
378,49,3
188,16,4
858,145,1
230,340,4
833,250,1
852,343,3
119,354,5
156,75,1
784,290,1
687,417,1
465,282,3
104,66,4
604,125,3
698,319,1
972,87,1
795,41,5
502,186,3
693,354,3
682,380,2
699,335,4
175,266,2
734,271,2
745,42,4
674,93,5
421,185,5
134,215,4
391,17,4
992,444,3
736,265,3
501,114,3
665,292,3
33,292,1
55,48,1
954,307,5
519,97,1
756,375,1
825,95,3
638,326,3
12,74,4
528,336,3
720,68,4
555,246,4
373,406,1
484,77,3
973,208,1
647,372,3
228,254,1
623,221,1
307,262,1
457,410,5
160,331,1
331,344,2
776,259,2
225,308,2
983,74,4
729,125,1
504,188,2
456,254,4
45,447,2
214,321,3
59,308,5
644,235,1
616,250,5
195,332,5
925,398,3
489,345,3
157,72,3
412,156,1
205,455,3
79,394,1
124,115,1
471,313,1
940,228,3
218,322,3
516,346,2
602,245,3
104,306,3
393,14,1
631,16,2
645,438,5
824,427,3
608,42,3
980,110,5
434,278,1
331,324,2
143,19,1
800,66,4
540,167,3
278,73,4
233,403,3
529,400,4
90,409,3
492,112,3
199,274,4
362,407,2
26,85,3
25,139,3
394,39,2
507,105,1
301,324,2
339,281,1
267,447,3
461,414,5
693,429,5
456,123,4
360,218,2
68,377,2
863,61,5
412,100,1
971,307,2
491,354,1
833,393,1
49,204,1
687,258,1
564,5,4
102,446,4
216,197,5
438,180,4
700,342,2
569,133,4
559,443,2
159,324,2
489,253,1
686,265,5
242,93,1
794,150,1
753,411,4
882,138,4
596,125,4
820,234,4
361,61,3
459,307,2
248,266,2
566,134,3
673,318,2
946,113,5
422,389,5
923,378,3
738,454,4
15,191,5
736,379,3
573,440,5
122,187,1
277,319,3
558,367,2
453,89,5
390,187,2
294,307,3
574,434,5
598,132,2
446,360,4
210,123,4
590,48,1
714,288,3
302,376,2
909,179,1
223,180,3
734,99,4
3,330,2
990,34,5
518,420,4
93,70,5
520,171,5
428,366,2
493,272,2
235,59,5
620,181,1
161,19,5
721,226,5
752,95,2
331,369,3
333,297,4
50,81,2
523,175,1
863,222,4
668,103,2
492,54,2
582,183,3
681,351,1
272,403,1
580,318,2
867,355,3
252,349,2
560,443,5
696,321,5
832,68,3
699,28,2
90,274,3
446,282,2
332,360,2
139,403,5
357,311,4
601,119,1
274,380,1
19,441,3
983,134,1
311,129,5
870,8,4
886,51,2
978,341,2
154,281,5
390,175,1
260,183,2
620,192,1
883,249,5
797,235,2
571,83,3
125,93,4
354,373,1
273,394,1
619,312,1
811,268,1
245,417,5
848,120,5
450,71,5
930,17,5
247,253,2
520,445,5
141,122,2
362,380,3
8,10,5
478,287,3
352,316,5
996,326,3
495,273,4
606,306,3
833,293,2
427,210,1
39,446,3
593,218,1
187,241,4
596,374,4
600,200,2
754,216,2
854,205,3
93,413,5
86,416,4
44,216,1
137,80,5
421,267,4
74,390,3
548,379,4
613,35,2
988,289,1
512,18,1
156,165,2
938,13,5
255,202,2
171,229,1
981,346,3
728,366,5
170,448,4
764,1,3
872,319,5
322,217,1
567,34,1
456,359,3
944,266,5
603,128,4
790,212,4
613,263,2
155,312,3
889,80,5
349,165,3
451,413,4
876,252,5
653,12,1
173,401,1
10,304,5
740,212,3
265,282,3
438,112,1
760,211,1
247,378,4
667,239,5
546,268,3
499,405,4
129,298,3
672,317,1
601,58,5
605,438,2
327,34,5
753,263,2
835,365,4
980,35,2
404,271,2
629,449,4
606,227,5
675,25,4
611,234,1
625,59,1
359,251,2
603,335,4
858,86,4
718,251,4
17,390,5
274,180,3
685,207,3
116,344,3
861,149,5
980,71,4
693,121,3
91,253,4
82,93,2
324,256,3
961,254,2
114,352,5
769,288,1
58,309,5
154,59,5
877,69,5
404,446,3
628,388,2
855,86,3
266,274,1
315,227,5
715,81,4
41,114,1
105,184,2
901,280,1
890,322,3
193,397,4
401,318,3
278,54,5
354,399,5
749,197,1
937,387,5
733,293,5
580,293,2
709,387,2
256,447,3
651,291,3
824,180,2
947,380,1
661,412,2
99,222,3
588,274,4
282,378,5
883,244,4
403,420,4
109,417,5
700,448,2
199,154,1
303,304,4
327,424,1
154,273,3
552,424,4
645,135,3
405,313,2
462,8,4
132,128,3
791,373,3
874,56,2
84,126,1
399,159,1
754,59,4
628,58,2
109,140,4
221,176,1
904,415,2
553,108,5
368,211,2
147,447,2
112,74,5
615,167,3
558,404,3
924,357,3
494,304,1
505,233,2
475,327,5
836,372,1
890,182,5
271,122,1
995,334,1
421,203,1
897,455,5
707,29,4
367,202,1
280,93,3
283,329,2
40,356,4
959,176,4
189,330,5
164,211,4
994,184,5
989,95,5
536,273,3
536,137,1
4,237,4
835,353,1
290,418,1
953,429,1
433,265,5
471,135,1
181,144,4
248,19,5
628,231,4
279,134,5
877,114,2
581,139,2
863,125,2
254,204,2
181,61,5
830,250,1
681,298,3
825,13,3
509,396,2
761,255,1
700,85,4
566,20,1
326,50,4
357,164,3
825,92,1
650,88,1
680,69,3
391,37,1
615,253,4
934,252,1
85,140,4
317,355,2
212,381,1
515,168,4
384,54,3
691,386,2
342,178,1
815,297,4
964,301,1
988,359,4
844,106,1
38,137,2
511,190,2
420,128,1
751,342,1
169,47,5
965,5,1
909,257,1
343,300,2
826,150,1
306,294,3
542,243,1
702,275,5
869,208,4
537,415,2
112,115,3
411,195,4
947,343,3
206,170,2
185,379,5
382,82,2
496,154,3
379,141,3
47,314,2
886,146,1
740,323,2
551,122,5
528,252,2
504,343,4
22,387,1
213,311,4
310,89,2
661,58,1
968,63,4
272,308,1
571,382,1
799,280,3
938,72,1
202,9,2
32,366,5
443,421,3
162,94,1
767,373,5
254,339,3
521,437,2
977,336,5
651,152,1
480,405,1
10,356,2
726,40,3
505,359,5
785,62,2
836,254,3
560,454,4
436,69,4
111,398,3
153,245,1
635,365,1
917,170,4
869,178,1
102,189,1
753,260,3
833,72,3
191,17,1
729,370,3
563,341,5
804,57,4
81,218,5
489,107,5
895,304,1
88,428,1
194,173,5
104,219,5
783,247,2
96,218,2
423,373,4
891,417,5
198,31,3
1,368,2
407,47,1
378,134,5
167,108,3
509,72,3
638,327,3
313,418,1
593,108,2
418,309,3
763,398,2
477,171,1
73,116,2
141,329,2
582,74,3
262,256,3
340,81,1
308,268,2
245,128,5
515,326,3
337,403,3
575,235,4
561,41,1
76,181,2
880,157,2
175,454,2
183,345,1
192,249,2
65,192,5
849,24,4
963,400,4
474,436,2
783,80,3
100,134,4
544,421,4
864,213,4
128,388,4
452,348,2
914,166,1
369,425,1
851,348,3
43,337,5
884,398,1
419,71,5
488,214,1
78,435,1
826,65,3
801,221,4
270,308,3
674,286,1
701,185,4
900,99,4
728,242,5
315,158,1
925,98,2
851,42,3
902,139,5
889,283,3
993,408,2
945,227,4
168,423,2
339,72,3
193,243,2
453,18,1
283,77,2
336,45,1
390,371,2
1000,343,1
525,140,1
240,177,2
832,222,5
958,415,4
483,92,4
659,22,4
716,172,1
592,92,4
891,192,1
555,77,5
458,281,2
89,364,2
660,179,1
95,238,1
452,135,5
428,365,4
151,390,5
514,280,2
376,19,2
22,83,4
883,228,2
313,371,1
997,265,2
840,112,3
519,251,4
206,164,4
952,358,4
375,168,3
451,221,5
626,408,1
784,304,4
595,191,2
179,325,1
210,437,2
500,438,1
464,170,1
840,375,2
124,45,2
993,381,1
113,14,4
12,231,2
126,157,3
565,134,3
331,391,1
901,37,5
283,53,1
140,18,1
401,38,4
902,187,4
97,385,5
517,196,5
569,243,5
924,300,5
846,303,5
69,35,1
118,215,1
888,219,3
59,316,3
33,90,2
318,308,1
50,252,5
880,8,2
489,256,4
19,363,1
726,208,3
197,425,1
891,131,1
450,224,1
990,197,1
559,142,4
679,252,3
452,96,1
289,26,4
141,111,2
84,454,1
694,123,4
391,186,5
591,168,2
215,51,3
526,379,1
215,5,1
403,77,4
128,160,3
822,208,5
477,257,2
760,205,3
404,255,1
29,438,4
792,11,5
338,437,4
831,8,2
714,409,3
361,424,4
569,32,4
392,28,1
218,206,4
574,387,5
669,228,3
202,128,2
17,255,4
322,212,5
518,239,2
570,207,5
325,318,4
412,283,4
318,245,3
681,45,1
965,105,5
82,348,1
474,281,1
468,234,2
425,189,2
945,44,5
731,225,1
689,430,3
204,142,1
583,136,2
387,176,1
778,142,4
98,449,4
345,80,3
803,82,5
208,135,1
514,207,4
636,344,5
792,177,4
586,383,5
166,243,5
22,55,4
154,141,2
939,440,5
439,56,1
295,15,4
219,185,2
669,314,4
495,419,3
230,88,1
20,97,3
987,144,5
553,8,5
950,215,3
148,173,3
108,223,5
403,40,2
596,182,1
483,270,4
367,187,3
834,245,1
414,309,4
309,231,4
802,383,3
918,155,2
835,175,2
134,336,1
719,115,1
283,390,5
778,311,2
73,300,1
481,18,5
352,272,4
560,12,1
326,404,5
745,301,2
443,192,4
100,232,1
59,443,2
508,93,4
258,218,3
413,278,2
452,353,3
65,303,1
595,29,5
154,301,1
985,77,2
266,9,3
821,24,3
79,15,4
315,164,1
662,13,1
947,347,2
560,172,3
917,357,2
891,327,2
248,200,3
790,378,2
868,76,3
610,164,2
414,372,5
25,61,2
284,424,2
449,245,5
881,382,1
301,155,3
68,257,4
7,244,5
817,162,1
137,68,2
164,344,1
83,277,5
897,161,2
650,391,1
420,449,4
73,259,3
237,307,3
46,335,5
618,95,2
928,438,2
800,246,3
262,221,1
176,123,2
166,187,4
657,262,4
842,413,2
370,273,2
795,373,3
54,60,5
690,406,3
419,408,5
756,125,4
507,337,5
341,341,3
127,51,2
409,178,5
924,139,3
367,440,4
271,327,5
644,170,4
605,39,4
379,69,1
73,236,5
923,48,3
922,381,5
915,57,5
248,277,4
860,338,4
785,99,4
43,404,4
377,15,3
41,325,2
170,179,1
946,332,4
212,62,4
493,119,1
680,37,4
39,134,2
369,455,5
757,26,1
151,8,3
111,4,1
480,21,2
436,415,3
47,149,5
575,25,4
737,143,1
366,245,3
69,419,1
299,433,5
944,43,1
802,425,3
296,293,2
203,185,3
61,42,1
946,431,5
963,92,4
830,317,4
314,398,5
161,324,1
331,53,5
528,84,1
338,34,3
606,76,2
304,353,1
503,408,4
650,404,4
338,197,2
550,286,1
639,88,2
275,235,3
164,232,2
443,7,3
319,292,4
589,38,3
504,52,1
686,143,1
387,430,1
970,407,1
870,396,5
833,221,3
888,428,1
603,240,2
750,143,2
776,349,5
691,363,3
494,382,3
490,49,3
721,277,5
73,271,3
509,14,3
390,298,1
619,15,3
857,234,1
295,63,1
369,196,3
956,27,2
865,105,2
694,309,3
549,52,3
649,319,2
850,181,3
568,57,1
187,120,5
853,308,3
770,363,3
445,43,2
570,135,1
363,373,2
123,426,2
188,260,3
742,197,1
680,133,3
420,255,3
626,220,3
252,336,3
619,41,5
549,388,4
335,255,1
92,2,5
530,195,4
866,242,4
63,149,4
662,198,5
512,299,1
139,245,2
698,338,4
185,108,2
205,453,2
772,393,3
214,212,2
256,156,3
135,26,1
573,82,1
875,83,3
822,131,1
88,329,4
836,100,1
988,256,3
207,49,4
129,401,2
823,63,2
3,311,2
974,407,3
934,290,2
754,105,1
121,105,2
385,325,5
614,15,5
38,175,2
341,259,2
925,211,5
645,412,2
714,259,4
860,102,5
21,260,3
242,344,5
455,159,1
963,45,4
621,443,3
303,301,2
596,251,1
595,331,1
803,165,4
964,193,3
69,9,1
196,374,3
140,65,1
444,387,3
283,282,4
312,181,1
746,415,4
535,282,4
665,279,3
277,30,3
61,266,1
319,328,2
52,320,4
856,406,3
153,399,4
749,379,5
311,105,5
814,184,4
544,330,2
567,148,2
864,105,1
389,47,1
548,87,1
622,309,3
177,437,2
362,129,4
314,258,5
807,314,2
848,147,2
97,446,2
881,72,1
213,140,3
829,410,4
137,27,1
6,29,3
109,271,2
547,174,3
39,253,1
662,385,2
425,60,1
630,107,4
261,220,2
426,441,3
87,259,1
465,371,5
76,146,3
471,52,3
976,60,2
963,34,3
414,96,1
825,89,5
895,316,4
726,410,5
457,231,1
285,456,2
239,275,1
677,246,3
599,111,2
653,234,4
672,278,4
558,417,1
372,166,3
495,128,4
624,237,5
919,291,2
45,107,5
401,128,4
247,195,4
616,339,1
597,394,1
450,143,2
485,395,1
646,111,3
620,90,2
18,251,3
606,280,1
662,333,2
758,224,4
289,101,5
414,132,4
721,13,3
638,441,4
235,98,4
416,120,5
938,293,5
499,304,4
974,199,5
634,1,4
650,60,2
115,250,4
932,140,1
674,149,5
713,395,5
234,44,3
540,371,3
11,186,1
206,108,5
679,44,5
247,78,3
559,226,3
758,162,4
127,281,5
147,253,5
118,132,4
911,448,5
382,372,1
412,375,3
664,144,3
584,266,3
363,109,2
509,194,1
137,35,1
175,390,4
289,275,2
958,187,5
481,437,1
19,243,2
195,264,2
330,10,1
936,451,4
175,166,2
449,29,3
925,271,2
946,87,5
354,23,1
499,210,5
141,46,4
758,28,3
897,26,1
930,266,2
93,175,3
944,4,2
239,311,4
205,322,1
560,67,4
433,135,4
245,55,4
832,31,4
317,74,2
925,19,5
295,156,2
640,337,3
856,156,4
282,147,3
17,87,2
71,20,4
269,269,2
325,333,4
794,43,2
305,395,1
451,432,5
7,399,5
817,438,1
103,306,3
821,28,1
193,260,4
753,22,1
574,375,3
529,101,4
171,39,5
537,290,1
251,353,5
765,300,5
387,170,2
207,296,3
541,353,1
629,396,5
416,130,5
794,156,3
380,74,5
144,342,5
25,90,5
822,67,5
668,455,2
632,200,4
824,332,1
833,227,3
93,348,4
598,266,2
336,86,2
425,102,4
499,441,2
364,214,4
947,108,2
630,165,5
745,91,5
199,192,1
718,335,2
413,86,1
339,222,4
659,363,1
962,424,2
937,101,4
429,226,4
783,364,5
899,60,4
139,250,4
693,48,1
942,117,4
542,227,3
57,362,5
232,403,5
658,456,4
435,33,1
384,44,5
560,165,5
194,368,3
736,345,4
648,292,5
534,337,5
518,344,5
716,405,5
751,386,1
185,287,2
872,364,3
292,225,1
335,286,3
732,204,5
116,172,3
825,12,4
49,307,4
685,121,2
82,433,2
834,244,3
333,152,1
557,152,1
335,188,5
532,395,1
960,13,2
221,91,1
635,200,5
746,74,4
733,256,1
323,456,1
851,448,2
3,276,3
694,328,4
206,329,3
832,71,5
40,78,5
59,284,3
951,130,2
574,377,2
644,43,2
507,8,4
572,13,5
884,213,5
843,111,5
122,291,4
479,23,5
619,302,3
96,254,1
859,15,4
414,130,1
235,61,3
898,115,2
62,320,2
256,308,2
561,420,4
905,451,2
348,325,4
671,67,4
124,249,1
482,175,2
317,339,5
504,2,2
719,172,2
48,448,2
409,334,5
932,284,5
136,54,4
201,67,5
250,420,4
314,102,1
869,120,4
368,191,2
429,409,3
830,304,3
807,423,2
480,47,4
314,222,2
500,21,5
721,158,4
355,348,2
485,159,5
211,377,5
704,372,4
44,410,1
541,235,1
571,150,5
583,405,1
92,257,5
265,165,1
895,77,5
220,85,5
902,46,5
925,393,5
442,401,3
401,47,1
400,213,5
727,59,2
991,54,4
899,342,2
789,12,2
576,192,3
858,6,1
804,309,3
490,144,1
485,346,5
757,261,3
470,73,4
574,174,1
938,232,3
844,270,4
682,428,2
445,447,5
269,362,5
267,222,2
54,52,3
528,116,2
520,26,4
616,53,1
59,365,3
825,29,1
40,19,2
237,303,5
955,392,1
386,279,1
606,117,5
734,106,1
716,419,1
650,309,5
300,227,5
395,352,2
207,186,2
336,261,1
593,16,3
730,273,2
514,160,2
178,358,3
396,250,3
371,224,5
858,256,2
791,180,4
658,20,4
318,112,1
736,120,2
369,194,4
384,111,2
62,210,2
806,1,4
505,58,2
239,93,3
195,221,1
678,211,5
963,428,4
222,232,5
61,262,1
129,364,3
990,103,3
685,50,3
992,374,3
156,110,4
917,456,4
378,88,2
622,20,2
781,14,1
923,133,2
868,425,1
903,296,1
790,34,1
586,380,3
999,208,5
437,301,5
975,199,4
207,80,1
388,71,3
480,155,2
791,78,2
887,78,4
838,172,4
984,289,1
340,33,1
869,300,2
340,276,2
204,367,2
161,420,2
540,7,5
392,160,1
769,240,1
677,451,2
575,423,3
534,24,2
70,214,4
893,70,3
405,368,4
608,216,3
675,104,4
591,215,2
517,54,2
828,294,3
120,330,4
814,336,5
690,203,3
688,288,3
902,45,1
217,317,3
56,198,5
366,216,2
699,309,4
504,384,1
744,435,4
767,332,2
925,184,3
455,27,5
104,166,1
77,318,5
230,274,5
914,383,5
258,365,5
264,103,2
331,448,5
993,333,5
182,373,2
893,104,4
768,414,2
550,245,3
688,305,2
27,169,4
652,141,3
299,418,1
957,356,5
799,125,3
91,25,3
480,194,4
573,384,3
458,100,4
451,402,5
365,5,1
859,19,1
675,170,5
351,274,5
655,254,2
400,121,3
253,32,3
781,149,3
881,266,4
803,37,2
459,177,3
699,342,4
917,13,4
499,183,1
950,145,4
971,265,5
926,88,4
508,428,5
304,46,5
501,392,1
803,119,1
598,421,4
166,19,1
415,447,1
462,220,3
920,430,4
114,233,4
433,94,4
992,455,1
356,251,1
928,250,5
695,282,2
207,232,2
768,46,2
235,374,3
442,46,1
355,14,5
515,85,5
208,319,2
709,328,3
853,3,3
125,28,2
138,381,2
339,157,1
537,343,3
68,402,5
573,419,2
541,333,1
383,332,5
19,175,3
683,114,2
450,389,2
74,331,1
573,250,1
939,59,3
665,203,2
276,315,1
48,239,2
211,234,3
855,303,2
920,95,5
651,141,2
622,334,4
994,113,4
695,109,3
540,362,3
709,345,3
191,289,5
315,97,5
901,446,2
563,335,1
661,16,4
780,44,4
562,442,4
900,376,2
758,230,2
113,390,3
170,108,1
468,217,3
678,399,2
921,260,5
14,312,3
715,320,2
288,196,2
907,418,5
189,95,5
914,56,5
155,32,1
567,231,2
694,372,5
722,9,1
888,191,4
471,361,4
75,200,4
277,334,2
940,161,1
645,87,1
343,21,4
425,311,3
571,76,4
511,441,2
857,386,4
182,141,4
458,126,1
918,251,4
851,388,5
833,84,5
64,434,3
839,371,2
260,48,2
193,379,1
655,78,2
616,30,3
972,285,5
406,136,1
726,140,5
754,41,3
943,282,1
721,50,4
93,258,2
430,311,3
654,360,1
434,440,5
404,270,1
434,134,4
112,234,3
929,128,1
375,104,3
59,254,3
43,95,5
207,337,2
780,217,4
296,61,1
118,268,2
532,241,5
222,13,2
166,147,3
643,428,3
156,240,4
184,89,1
90,95,1
94,315,5
13,293,4
973,25,1
834,272,3
805,166,4
945,427,2
742,250,4
804,142,1
438,134,5
538,279,5
587,126,1
968,316,1
876,396,1
936,141,5
811,356,1
150,103,2
660,226,2
8,390,3
29,63,2
296,294,4
986,384,3
926,306,2
721,254,4
640,180,2
340,40,4
628,264,1
439,189,4
144,8,1
942,104,4
830,225,4
747,34,2
519,236,4
976,228,2
45,188,4
955,313,5
239,430,3
952,22,2
944,343,2
155,40,1
181,173,5
215,439,1
88,179,5
256,86,5
511,133,4
73,351,1
931,13,3
179,28,5
212,84,5
805,318,2
234,349,4
465,343,3
223,354,2
631,263,1
825,166,5
264,293,2
207,68,1
607,226,4
885,170,1
734,86,5
366,133,3
276,448,1
380,178,3
743,343,3
309,252,1
631,15,4
268,223,1
945,379,2
785,201,3
64,107,5
810,250,3
350,437,5
925,409,2
915,89,2
494,125,2
523,113,1
98,137,3
946,247,5
71,166,2
364,150,2
570,363,5
802,343,3
763,433,3
276,68,5
50,221,4
358,271,3
728,321,5
906,310,5
928,414,2
564,349,5
783,20,1
485,289,2
84,100,2
899,252,3
805,77,4
638,135,3
808,392,1
584,412,2
296,173,2
236,363,5
56,201,4
919,217,4
360,376,5
907,208,1
110,74,4
192,11,2
904,287,1
93,256,3
862,12,3
568,380,1
60,78,2
650,435,3
39,172,2
540,96,5
49,306,4
420,373,1
637,273,4
13,419,5
992,385,3
36,413,2
101,179,2
794,64,5
86,132,1
516,343,4
223,412,3
338,272,1
960,319,5
166,332,5
383,437,2
856,341,3
895,109,1
376,273,2
471,168,3
790,397,4
642,180,4
31,58,2
375,421,1
11,79,3
988,61,4
302,369,4
96,121,1
190,207,2
453,34,5
192,70,3
486,17,4
266,20,5
424,315,1
128,69,2
238,215,3
920,161,1
355,102,2
940,376,1
112,206,4
828,145,4
446,57,5
343,83,1
145,385,4
65,269,2
247,411,5
735,454,3
991,187,1
490,6,4
825,353,2
439,350,1
106,110,2
181,407,5
184,138,4
226,51,4
777,403,5
790,51,2
909,87,1
89,68,2
688,84,1
530,42,5
371,219,3
972,57,1
936,226,4
913,196,4
399,248,4
106,166,2
271,62,2
975,263,2
831,112,4
503,253,1
679,199,4
525,178,1
849,436,2
32,26,3
393,410,2
40,246,5
660,19,1
218,265,3
731,317,2
981,20,3
82,106,4
845,237,1
720,306,5
201,246,4
447,81,3
844,150,2
428,397,1
38,396,5
211,10,2
444,321,5
327,224,1
761,414,3
227,264,5
48,149,1
18,278,5
912,274,2
439,194,5
807,432,2
708,172,2
187,265,1
345,451,4
224,310,5
830,26,3
488,350,2
909,356,4
877,26,2
849,34,4
229,264,4
390,138,3
979,304,4
589,183,3
188,363,1
858,242,2
270,54,3
607,168,2
310,119,5
132,143,1
551,81,5
72,245,5
845,352,4
672,358,5
187,407,4
486,62,2
191,46,4
422,87,5
120,99,4
220,295,4
53,399,3
734,53,3
451,192,5
412,447,2
643,80,1
237,16,1
758,360,5
738,326,2
720,194,2
406,141,2
608,108,3
422,303,5
712,265,1
247,447,2
72,290,5
830,209,1
185,413,3
6,165,4
206,427,1
544,342,1
611,371,1
906,320,4
387,152,2
768,455,4
699,290,1
76,432,3
177,268,1
827,151,3
799,207,5
349,255,3
255,353,1
837,377,4
702,141,1
308,343,1
345,358,5
127,96,2
937,429,1
287,370,5
766,227,4
725,193,5
762,303,5
596,314,3
487,389,2
383,377,2
406,118,4
388,5,5
525,444,4
557,352,4
639,243,2
938,21,2
626,152,2
945,128,1
276,124,5
500,146,4
717,277,5
337,310,4
950,394,4
932,152,4
481,360,4
897,111,3
911,116,3
973,188,1
273,57,2
920,251,4
58,384,5
328,407,3
731,150,2
109,452,1
279,162,2
686,120,4
328,70,2
776,412,4
315,351,3
474,99,3
111,167,4
699,298,5
781,151,3
935,326,5
229,2,4
497,152,4
156,401,3
473,365,5
701,65,4
272,326,3
887,69,4
2,121,2
758,109,2
722,316,3
511,247,4
913,434,3
286,93,1
871,268,3
13,103,3
608,431,2
498,451,2
733,112,4
238,321,3
94,411,3
338,304,4
781,344,5
171,62,4
981,300,2
606,403,2
661,443,3
624,136,2
567,55,4
849,108,3
936,303,4
467,258,4
628,253,3
143,222,5
201,369,2
180,167,1
714,429,1
364,160,1
479,449,2
565,166,5
471,205,4
384,267,3
692,138,5
926,368,1
417,443,2
825,346,2
308,248,3
649,55,4
694,404,5
367,209,5
1,17,5
44,68,4
739,133,4
98,407,3
720,430,2
265,308,1
800,138,4
783,174,2
140,412,4
481,97,1
237,171,4
974,154,2
953,183,3
904,242,1
72,304,2
667,285,5
190,27,5
268,402,5
321,360,3
107,60,4
232,202,4
42,250,4
702,362,3
883,69,5
139,370,4
615,21,3
683,152,3
863,102,2
273,387,4
481,95,5
416,446,1
506,361,3
733,229,2
725,125,1
853,258,3
424,322,2
407,369,4
568,426,2
390,236,3
342,162,4
946,42,5
614,276,2
933,353,1
493,68,4
192,173,4
499,331,5
712,170,1
233,47,5
945,261,2
227,217,1
371,305,1
139,124,3
856,293,1
149,201,5
115,454,5
450,402,3
63,275,2
104,206,1
851,40,3
871,273,4
668,188,2
273,355,3
6,93,5
147,42,3
184,379,4
998,107,2
28,328,3
962,65,1
550,365,2
119,309,3
293,135,3
371,389,2
244,24,5
580,28,1
726,62,2
218,273,1
177,229,1
299,20,2
676,3,3
58,421,5
269,218,1
308,399,1
570,307,3
288,432,2
977,136,5
105,397,1
228,432,1
247,3,2
700,193,3
494,73,4
83,415,3
186,361,1
252,118,1
355,154,5
750,209,3
872,440,4
696,34,5
796,137,4
897,318,5
938,120,3
210,115,1
816,13,4
808,69,3
609,425,4
447,333,3
460,257,5
968,89,3
472,47,5
720,260,1
370,228,5
900,447,2
934,180,1
492,10,3
923,284,3
137,377,2
367,126,3
912,134,1
184,155,1
588,248,5
287,140,4
472,318,3
375,436,2
749,323,1
537,174,1
511,74,4
802,351,4
579,143,3
250,455,2
920,292,4
510,398,5
630,112,4
73,206,1
282,131,2
960,110,4
360,370,1
10,67,5
211,382,5
835,86,3
152,275,3
5,227,4
195,438,3
954,325,1
283,10,1
464,417,1
113,397,4
271,384,4
163,355,3
460,435,4
105,288,1
693,112,2
556,24,1
282,291,2
687,339,3
162,326,5
983,168,4
351,438,4
434,109,1
852,428,1
140,190,2
471,355,4
132,196,3
87,33,1
688,205,4
183,312,5
368,420,2
129,182,1
246,147,1
601,427,3
578,268,1
670,11,4
899,70,4
378,256,4
149,396,5
985,219,5
852,297,1
433,409,5
628,362,5
726,259,3
469,3,5
446,84,2
481,156,2
884,151,2
294,176,1
765,195,4
143,426,3
250,107,1
878,424,4
948,134,3
975,276,3
302,395,3
25,352,2
789,380,2
984,155,2
889,277,3
890,236,3
901,240,2
70,370,3
625,13,2
875,342,2
364,47,4
303,214,3
471,412,1
964,405,2
91,146,1
530,159,4
661,444,3
988,125,2
739,110,2
726,37,2
872,277,1
663,14,4
192,347,3
963,232,4
552,316,2
242,124,4
138,279,1
345,111,5
180,124,5
712,413,3
503,431,3
203,30,4
573,115,3
192,90,1
5,212,2
890,38,2
237,83,4
693,27,2
311,217,4
549,360,3
56,372,3
443,215,1
237,221,2
870,15,1
861,443,5
197,259,1
585,266,4
571,120,4
752,401,1
514,128,3
360,11,1
700,176,3
819,133,1
30,325,2
779,320,4
988,14,2
108,50,2
844,410,5
935,72,3
602,69,4
717,391,2
891,383,4
968,16,3
960,334,2
445,357,3
893,56,4
438,105,3
732,132,1
890,48,3
606,248,4
457,273,2
615,111,2
735,420,5
698,326,4
981,336,5
696,349,5
495,38,1
674,357,4
247,240,2
543,318,4
564,121,1
857,48,4
588,10,4
897,233,5
439,36,4
278,413,5
552,4,5
613,44,3
111,56,1
385,42,5
833,255,4
761,228,5
191,114,5
490,237,5
694,397,2
426,174,2
405,255,2
335,417,2
209,277,3
22,335,5
678,441,3
611,69,4
208,326,1
8,230,3
702,67,2
687,304,2
785,417,4
529,36,5
602,417,1
653,159,3
657,149,5
166,27,5
849,72,3
496,248,3
590,101,3
429,190,3
774,96,2
163,384,5
366,282,5
526,322,2
239,396,5
72,278,3
445,17,1
655,263,5
822,107,1
509,68,1
795,128,2
269,293,4
753,294,5
415,96,2
245,395,2
675,1,1
60,409,5
6,298,2
709,180,3
982,408,2
570,181,3
817,235,4
407,440,3
217,319,3
930,337,1
26,8,2
815,443,4
5,429,2
986,27,3
532,308,3
390,146,2
710,91,4
571,342,4
448,272,1
754,322,3
146,5,3
388,82,1
785,387,2
249,219,3
526,118,2
462,81,4
13,70,5
903,115,1
384,263,3
556,306,1
887,142,4
399,422,4
19,207,4
575,111,4
491,303,5
751,112,2
419,417,2
337,43,5
419,347,2
915,285,4
916,128,2
612,185,1
675,229,2
928,389,1
122,221,3
432,352,1
44,444,1
872,117,4
920,70,4
317,386,4
381,70,1
145,110,5
327,427,4
363,132,4
50,56,1
65,443,3
355,89,3
800,137,2
164,131,3
141,218,4
966,176,5
826,171,2
128,100,5
398,129,5
933,57,4
880,181,1
463,246,1
751,144,1
836,51,3
808,368,1
187,218,4
720,104,3
732,383,1
912,55,5
190,257,4
388,346,4
429,156,2
858,53,4
284,442,5
864,329,4
237,444,2
194,187,4
287,364,4
771,150,2
758,264,4
136,250,3
792,433,4
783,298,1
171,411,1
159,423,3
201,211,4
487,25,5
557,294,4
962,341,1
776,152,2
583,24,3
504,252,2
876,60,5
371,434,4
103,367,5
125,66,2
313,398,4
976,53,5
995,416,1
798,106,1
458,96,3
230,176,1
658,39,1
882,168,2
197,42,1
885,367,1
733,104,2
423,333,1
572,204,1
610,8,3
171,282,1
382,396,1
173,43,3
663,435,2
453,110,1
350,210,5
902,237,2
952,356,2
634,319,1
494,49,3
620,115,2
4,155,3
93,137,5
919,167,3
6,321,4
288,199,3
618,71,2
146,7,3
783,200,3
424,336,4
890,67,4
608,138,1
457,242,2
741,455,1
202,213,4
212,181,3
6,254,4
624,101,5
376,351,3
891,87,1
447,185,3
835,91,5
106,248,4
651,214,2
811,359,2
401,249,2
96,126,4
388,411,2
959,438,5
452,369,4
849,4,2
809,88,1
979,151,4
901,176,4
416,211,3
726,426,2
504,259,1
454,91,5
291,259,4
534,412,5
193,191,5
980,81,5
150,415,3
880,138,5
759,433,2
779,350,2
973,126,1
763,369,1
515,405,5
393,356,5
316,309,3
76,343,5
599,230,5
270,345,5
225,310,4
530,441,4
113,20,3
251,369,3
233,49,2
841,135,3
791,29,2
714,48,5
83,269,3
125,3,3
175,258,3
69,16,2
47,94,2
884,358,1
256,134,2
727,301,2
30,327,4
281,133,3
924,312,2
994,455,3
237,383,3
248,32,4
368,305,3
495,269,2
25,414,3
586,25,1
718,316,1
490,59,4
494,213,2
314,156,4
606,314,1
375,276,2
639,418,3
937,389,2
25,210,5
334,444,2
355,427,3
116,57,5
48,185,4
738,54,2
778,209,4
99,368,2
459,429,1
523,342,1
597,293,3
405,340,1
214,304,5
685,252,5
903,374,2
503,438,4
721,304,5
448,112,2
894,366,4
576,6,1
258,418,2
844,191,4
121,334,3
810,432,3
978,279,5
54,382,4
331,340,3
784,13,5
241,303,2
755,44,2
530,105,4
483,160,4
187,154,4
656,181,3
262,14,3
953,180,5
364,377,3
491,292,2
431,264,5
239,168,3
304,214,4
298,150,3
76,16,1
700,91,5
333,120,3
900,444,3
999,253,2
758,60,4
642,266,4
474,409,2
827,31,2
923,21,1
283,219,5
591,81,4
72,289,2
263,31,2
703,234,5
879,405,2
887,36,1
942,449,5
575,132,1
1000,324,3
892,346,4
12,132,2
141,9,5
766,30,1
555,115,4
17,301,4
253,325,4
465,237,2
376,23,3
804,16,2
981,22,1
520,72,4
837,304,4
90,446,4
720,444,2
804,230,5
796,107,2
630,208,1
861,389,2
175,208,4
76,263,3
613,51,1
926,65,3
663,265,1
400,338,1
782,301,4
970,378,2
71,175,4
180,451,4
124,152,4
381,266,3
293,329,1
797,304,5
195,163,2
911,438,4
228,343,1
431,367,2
942,238,5
436,199,5
787,16,4
461,309,5
618,296,5
21,356,2
64,276,2
165,239,4
27,69,1
311,301,4
285,6,3
660,220,5
281,254,1
838,453,2
831,433,3
164,295,3
898,358,5
918,386,2
224,107,1
784,295,2
146,118,5
965,405,3
950,168,5
868,251,4
30,82,3
45,54,5
787,240,1
471,366,1
34,12,1
653,209,4
427,165,2
830,366,1
886,294,4
221,399,1
868,7,4
534,78,1
692,434,2
948,65,5
367,102,1
932,451,5
841,357,1
743,300,2
915,287,5
550,171,4
582,77,1
116,48,1
239,255,4
335,82,2
441,383,3
148,209,1
9,209,4
288,445,3
388,84,1
50,10,5
850,29,4
517,304,5
916,446,2
855,116,3
638,269,4
587,428,1
677,47,1
278,359,3
954,448,5
836,91,5
989,53,4
300,218,4
802,348,5
589,77,4
810,204,5
618,156,4
607,2,5
135,357,4
580,313,1
147,57,1
490,290,2
478,58,5
159,254,2
384,180,5
163,157,4
441,35,5
853,75,1
189,432,4
415,289,1
339,371,4
607,75,5
181,329,5
288,78,1
834,255,3
884,304,3
138,67,4
130,221,3
194,164,1
316,455,2
984,375,2
785,220,1
864,172,2
144,254,1
16,210,5
302,188,3
423,191,2
245,389,5
927,215,2
107,375,4
88,86,1
129,106,1
907,332,5
887,296,4
341,19,3
4,47,4
327,65,4
410,451,3
879,146,3
306,434,4
908,286,2
607,382,2
721,66,4
225,5,2
971,93,3
348,353,3
992,426,2
321,94,3
559,106,1
988,133,3
181,434,4
618,341,5
711,314,2
386,79,2
618,212,3
792,8,3
108,268,5
531,149,4
410,350,1
971,446,4
296,91,2
818,236,3
171,289,4
331,410,3
493,356,3
195,168,4
12,193,4
195,187,5
490,271,1
795,114,5
881,385,1
182,11,4
962,55,1
817,258,2
656,65,5
898,172,5
316,272,5
694,150,3
30,362,3
596,146,4
678,431,4
796,209,3
793,286,5
96,10,3
381,227,1
778,186,5
444,62,3
298,85,4
808,134,3
737,323,2
845,297,3
361,171,5
374,213,3
554,18,4
303,314,1
421,60,2
246,88,5
720,27,4
237,68,2
534,278,3
185,408,2
468,40,1
754,109,2
363,74,2
283,66,3
553,168,3
336,262,5
162,368,3
160,274,2
474,337,1
601,358,3
322,237,5
12,215,5
424,366,2
73,286,3
588,378,3
858,149,5
201,318,3
522,394,2
864,376,1
505,107,2
738,141,3
688,76,2
788,9,4
39,196,4
60,295,3
578,280,3
321,381,1
435,118,2
636,290,1
676,61,3
408,425,3
923,389,5
386,335,1
671,306,3
569,388,4
78,51,5
194,52,2
285,122,5
527,167,2
524,8,4
613,369,2
156,45,1
340,344,2
125,245,2
871,284,5
280,375,4
917,107,2
906,27,1
622,193,5
846,418,4
869,337,4
658,357,3
728,62,1
910,62,5
674,422,5
128,282,1
314,121,4
332,280,2
150,39,1
454,380,5
36,277,1
685,94,4
420,431,3
22,115,3
206,176,2
639,121,2
848,13,4
957,387,2
356,416,3
440,163,4
729,275,4
96,398,4
929,176,1
941,337,2
164,379,5
148,324,3
530,173,2
294,275,3
195,64,2
663,101,5
480,322,3
877,66,5
123,331,3
400,45,1
699,87,1
965,67,3
452,453,3
661,259,5
104,422,4
755,205,3
462,426,2
743,424,2
991,178,2
718,419,1
710,280,5
396,344,1
912,17,2
337,296,3
599,202,2
142,450,3
317,172,5
711,407,4
558,262,3
800,194,1
527,149,2
556,375,2
401,376,2
681,35,3
310,369,5
495,29,3
556,263,1
610,221,2
773,53,3
109,421,2
795,279,1
372,353,4
855,392,4
616,76,4
768,176,2
891,10,3
206,117,2
847,280,5
43,218,3
865,175,1
245,234,4
287,437,3
355,252,3
785,295,4
476,451,1
83,322,2
110,6,2
950,21,3
190,73,4
983,330,5
936,387,2
909,233,1
251,216,1
724,206,1
291,426,4
797,91,3
326,417,4
511,316,3
409,93,2
607,339,2
790,454,2
962,83,2
941,333,2
837,282,4
508,21,5
731,228,4
601,376,5
72,130,4
247,175,2
641,108,1
724,414,5
940,283,1
855,71,2
608,404,5
587,50,1
935,95,4
566,279,2
344,397,4
971,337,4
925,132,2
54,398,5
730,276,3
528,380,3
611,13,2
532,3,3
558,224,1
963,175,5
193,387,4
895,385,4
58,90,2
437,408,4
111,241,1
129,35,1
849,14,2
706,195,4
925,397,3
852,431,3
326,306,5
8,334,2
29,213,5
112,410,3
947,3,3
673,179,3
131,40,5
188,452,2
675,164,1
709,307,1
475,235,3
364,257,2
212,417,4
621,391,4
276,373,5
679,52,5
772,376,1
243,395,3
787,411,2
102,142,1
987,86,1
685,46,5
171,332,3
653,238,5
909,10,1
188,152,2
441,61,4
86,18,5
476,86,1
52,137,4
111,401,4
949,230,1
877,128,3
854,104,1
43,186,2
211,397,4
968,178,2
200,357,5
810,6,4
858,341,3
752,307,1
627,36,5
26,327,2
919,356,5
299,281,3
77,395,1
137,14,2
20,237,5
440,285,1
211,330,5
752,50,2
551,261,1
435,456,3
780,110,3
207,197,4
991,378,5
439,252,2
974,88,5
779,313,1
666,26,4
42,262,2
411,144,5
523,60,2
806,356,1
610,268,4
427,75,2
275,3,1
448,63,3
902,236,2
942,448,4
884,446,2
742,229,2
369,390,1
938,275,5
220,18,5
577,80,2
867,215,4
232,171,4
328,329,1
443,255,2
52,387,2
886,126,5
943,255,1
263,38,4
267,324,4
359,204,2
324,223,3
908,245,1
666,336,3
870,191,2
878,298,5
652,320,4
939,182,4
563,334,3
629,383,5
421,205,1
46,361,2
821,199,1
600,332,3
720,165,4
889,242,4
269,388,1
601,130,2
118,122,2
566,44,3
953,451,2
116,196,1
630,358,5
260,204,3
75,318,1
480,257,4
305,17,4
7,272,2
366,9,4
634,249,5
523,437,3
348,201,2
438,59,3
215,375,3
429,393,1
791,140,4
498,119,3
540,41,5
747,399,5
367,322,4
313,331,4
538,267,2
921,8,2
54,183,2
541,134,4
467,181,3
865,404,1
164,423,2
782,355,1
334,72,5
547,113,4
798,107,5
348,290,2
273,313,3
963,117,2
720,120,1
750,147,2
414,327,3
500,415,3
93,210,4
685,296,4
79,398,3
622,103,3
217,124,1
947,245,2
358,379,4
618,356,1
507,209,2
559,421,4
181,428,1
576,393,5
246,314,5
244,404,4
506,109,1
422,377,2
320,348,2
87,50,1
217,404,5
490,105,1
519,420,5
278,373,5
849,27,2
722,456,4
169,288,3
330,257,1
650,273,5
441,137,1
391,340,4
496,301,4
381,322,3
306,32,3
742,45,5
987,265,3
820,30,5
673,84,2
513,166,5
748,316,3
949,1,1
188,249,3
930,261,4
516,63,3
913,164,2
644,321,5
427,334,4
502,201,5
730,222,5
260,152,3
513,132,1
71,114,4
478,217,2
178,196,2
457,281,1
189,202,1
291,135,3
520,234,2
765,141,4
920,196,1
979,43,1
292,57,1
946,420,4
756,142,2
635,210,4
811,72,4
283,224,3
544,27,1
846,128,2
377,106,3
658,165,3
156,215,5
508,71,1
413,204,2
528,153,2
355,67,2
559,90,1
763,260,2
187,362,4
31,228,4
260,79,1
421,96,2
529,349,5
551,330,5
304,382,5
942,246,4
986,272,5
944,403,2
39,157,2
489,116,5
644,435,3
542,18,5
670,442,3
278,172,1
203,16,1
66,449,2
108,240,4
268,386,2
222,56,2
804,79,4
530,103,2
90,284,4
693,193,2
255,5,1
455,106,3
253,278,2
257,373,3
383,100,5
442,238,2
858,269,1
599,321,4
90,400,1
749,86,3
390,320,4
582,32,1
44,336,1
712,51,1
664,79,4
598,186,1
19,174,1
101,436,3
914,106,1
607,63,1
766,76,5
357,316,4
542,321,5
761,373,3
938,81,5
33,361,2
970,128,4
229,183,1
524,243,5
630,185,5
862,220,1
155,71,1
423,342,3
905,154,5
246,245,5
405,140,2
844,71,2
759,46,5
541,47,2
161,79,5
747,422,4
702,149,3
117,398,2
271,130,5
770,456,2
692,127,3
487,365,4
885,119,1
172,454,1
950,357,2
274,417,5
259,262,3
135,244,4
683,382,4
722,103,4
748,37,1
422,142,3
421,37,1
186,8,2
929,231,4
364,333,3
955,397,4
607,296,1
378,107,1
523,348,1
580,442,4
891,18,3
722,313,3
196,83,2
881,422,4
98,288,2
605,194,2
984,215,2
22,281,2
450,220,1
172,442,2
383,289,3
134,344,2
426,194,1
25,158,5
503,104,5
185,34,5
85,102,4
567,127,3
763,214,1
144,325,5
863,432,1
910,296,1
679,179,4
412,80,5
224,141,2
220,31,1
179,372,5
631,423,1
433,63,4
265,48,4
954,87,2
429,304,4
662,61,5
416,396,4
453,334,2
727,440,3
197,274,1
554,411,1
53,284,5
480,80,2
443,180,2
330,272,2
251,77,1
807,442,4
890,221,1
783,393,1
967,282,1
925,28,4
123,361,3
879,77,5
387,164,3
339,9,3
778,175,1
348,307,3
29,76,1
975,245,1
35,122,5
518,185,2
396,32,1
623,451,3
294,250,5
589,57,3
147,372,4
67,144,2
904,318,5
520,84,2
122,56,2
340,279,5
175,273,5
900,166,3
691,456,1
597,158,4
451,249,4
557,186,4
136,78,2
855,22,5
16,108,5
333,273,5
195,252,1
496,15,5
9,370,5
828,304,2
334,160,3
333,205,4
327,113,2
839,353,2
614,253,4
226,441,2
425,186,3
790,347,5
408,227,3
113,16,5
997,156,5
428,354,2
1,111,2
266,1,4
491,41,1
208,48,3
622,415,4
712,420,4
952,108,3
369,161,3
985,161,5
306,359,1
12,128,2
345,210,1
465,151,1
700,444,2
666,255,1
494,218,4
368,30,4
846,45,2
937,80,2
420,39,3
889,240,3
791,45,1
171,78,1
134,337,2
965,396,1
427,349,5
25,288,4
530,440,1
190,280,1
141,116,3
555,269,5
846,404,1
796,335,4
658,312,1
315,53,2
444,68,5
319,182,1
441,34,5
92,284,1
179,306,4
56,386,4
155,249,5
672,111,3
111,94,3
137,410,2
232,179,3
992,47,5
468,282,3
732,340,2
481,362,1
68,92,3
814,376,5
249,212,5
994,75,2
323,378,2
922,202,4
904,445,4
518,407,4
976,421,1
792,297,5
432,308,4
487,211,5
606,338,2
429,433,1
269,411,2
709,134,5
537,330,4
148,66,2
118,280,3
850,422,1
367,28,5
850,412,4
66,117,2
970,370,1
813,450,4
370,317,2
175,430,5
831,325,3
588,114,3
495,75,5
973,202,1
114,427,5
111,59,2
761,386,1
439,15,3
715,231,2
147,105,4
35,165,4
999,199,4
309,404,3
538,354,5
750,35,1
14,162,3
374,245,2
557,287,2
428,383,4
728,19,1
233,452,4
705,280,2
563,340,2
939,423,5
887,348,5
726,182,5
663,423,4
440,401,1
502,147,5
275,374,3
850,176,5
76,163,4
439,416,1
732,175,5
860,47,1
956,256,3
699,448,2
289,174,1
915,103,5
540,121,4
891,419,4
692,350,4
253,145,4
126,42,1
177,367,4
37,29,2
410,454,3
611,380,1
610,273,1
127,14,4
483,408,4
168,441,1
592,306,4
294,313,4
845,189,4
638,360,4
343,295,4
310,183,5
662,352,5
528,36,5
540,370,1
419,37,3
444,14,1
685,411,5
558,123,1
840,83,3
236,159,4
439,329,2
214,102,5
85,337,5
794,83,3
744,44,4
85,68,4
921,48,2
489,57,4
65,75,3
646,22,4
663,132,3
627,456,5
64,302,5
343,443,5
939,418,1
875,267,5
919,287,3
352,395,2
158,120,4
589,246,5
491,56,1
658,38,1
855,245,3
463,21,2
225,110,5
313,394,1
615,410,3
919,136,1
859,231,1
813,8,2
940,444,3
466,328,2
88,375,3
883,290,5
303,251,4
680,400,4
435,361,3
682,397,4
135,87,1
50,204,5
432,219,5
340,406,4
347,241,3
646,411,1
347,320,3
649,258,4
245,109,5
109,256,5
825,282,3
799,220,2
533,83,3
90,107,2
296,69,3
112,97,2
813,212,2
589,286,2
177,237,2
343,8,1
660,294,2
101,189,2
758,81,5
629,108,1
604,321,2
401,67,4
28,174,1
937,346,5
962,351,3
537,328,5
58,43,5
498,187,1
297,302,1
134,200,4
331,381,4
249,419,1
550,39,1
902,220,1
941,307,3
75,4,5
654,121,4
834,336,4
168,77,2
771,179,3
503,133,1
885,311,1
355,229,3
225,276,4
664,152,1
531,164,2
146,290,4
960,378,5
241,109,3
884,126,4
893,240,5
344,310,2
749,418,3
35,401,1
702,389,1
1,345,5
996,146,4
153,252,2
429,183,5
945,309,2
508,306,2
126,72,2
491,219,3
482,207,5
345,173,3
912,141,4
738,272,4
221,214,1
915,269,1
919,20,1
723,66,4
25,303,2
528,147,2
182,429,5
499,165,4
841,378,1
641,310,4
42,6,2
915,14,2
481,132,3
930,342,3
848,243,5
748,439,4
872,231,3
439,228,3
402,162,4
546,283,2
345,263,5
893,131,5
45,431,5
646,225,3
21,258,2
634,234,5
70,336,4
864,409,5
873,316,1
48,24,2
491,271,1
551,95,2
287,142,4
10,182,3
542,206,3
756,390,2
274,81,5
956,274,1
600,276,4
756,371,5
381,446,3
329,208,5
479,296,1
15,39,3
516,436,2
191,288,4
168,124,4
521,364,3
621,283,2
137,366,1
154,180,4
388,97,3
209,191,4
272,74,2
143,447,1
611,273,2
889,49,5
820,337,2
69,210,2
247,116,4
261,23,2
788,98,3
79,328,4
658,397,4
623,407,5
770,313,3
605,190,2
525,182,5
772,148,3
938,342,5
621,436,1
330,23,2
189,105,5
95,163,1
617,67,2
8,290,5
67,289,5
496,46,5
191,81,5
366,429,4
768,147,5
521,222,4
990,343,4
117,15,1
267,379,2
611,121,4
485,78,3
509,322,4
298,295,3
909,241,1
164,18,3
376,256,1
653,454,1
268,443,1
549,416,3
74,277,3
508,424,1
73,27,1
308,2,2
199,353,1
130,295,5
758,312,2
824,363,2
572,383,2
791,239,5
615,13,2
808,382,2
832,184,3
487,194,3
853,56,1
151,230,1
669,28,4
206,320,5
986,71,3
179,210,1
197,448,5
735,184,2
89,425,5
799,375,3
434,356,4
788,41,3
748,260,1
183,441,1
209,414,5
493,344,3
130,84,1
665,46,2
13,440,2
634,159,4
871,344,5
732,7,1
106,333,4
375,438,2
582,136,4
707,183,4
698,197,1
99,172,1
594,397,1
587,349,5
886,276,4
852,78,4
192,416,5
325,444,2
979,178,3
726,27,2
827,120,5
956,281,4
894,196,1
367,277,1
318,18,4
144,295,4
384,271,1
216,53,1
361,294,2
324,432,4
15,52,4
217,216,5
492,72,2
951,28,3
547,400,3
183,252,3
270,374,1
945,400,3
467,35,5
870,401,1
612,201,1
519,249,3
542,99,1
305,140,2
985,83,3
144,48,5
111,278,1
232,379,4
691,248,3
584,383,1
722,177,3
732,52,3
592,79,5
500,385,4
595,322,1
554,64,3
273,8,3
703,214,1
173,25,3
973,450,3
7,256,3
155,243,2
522,198,2
546,94,4
548,207,5
921,435,1
518,437,5
920,15,5
914,178,2
215,455,4
134,378,5
285,75,5
126,104,3
921,294,1
439,168,4
849,450,1
686,115,2
152,39,5
331,364,5
538,273,1
383,135,2
115,374,3
894,232,3
284,452,5
899,291,4
166,47,5
189,36,2
78,320,1
947,95,4
602,361,3
688,13,4
21,146,1
566,405,3
184,368,2
871,65,3
222,228,3
827,242,2
328,8,5
179,304,5
788,341,3
112,43,3
736,244,4
726,181,5
59,85,2
327,155,3
905,275,3
621,23,4
897,115,4
669,306,4
191,435,1
200,299,2
312,99,1
708,104,3
35,372,4
379,51,4
387,362,4
758,112,5
237,453,2
616,244,1
519,169,2
283,72,4
1,139,3
731,336,5
464,231,2
230,239,3
967,253,4
172,436,4
87,407,4
553,49,4
123,422,5
843,303,5
298,72,2
885,263,4
929,322,5
690,222,3
575,77,5
484,62,5
165,157,2
699,294,5
383,125,3
209,229,4
739,340,1
432,161,2
389,29,3
560,114,2
224,79,4
3,23,5
372,106,5
687,131,3
446,357,4
611,173,1
116,264,1
270,342,5
447,373,4
368,285,4
253,2,3
317,233,1
415,369,3
95,251,2
785,434,4
892,321,1
24,108,3
628,276,5
663,180,2
850,213,3
50,293,5
502,72,1
718,283,1
498,175,2
335,123,5
79,227,4
582,390,1
27,444,4
271,301,4
562,428,3
804,83,3
776,146,4
591,120,3
387,65,5
702,281,5
559,283,5
973,391,5
361,428,4
866,106,5
984,413,4
488,300,1
352,107,1
701,36,5
928,147,5
256,262,5
222,409,1
884,159,3
753,265,1
781,202,5
1,421,3
546,155,3
446,13,2
79,297,4
236,384,5
334,322,4
889,85,2
349,280,4
98,245,5
82,300,2
502,362,4
967,354,1
477,316,3
927,9,2
704,386,1
765,247,5
921,312,3
550,414,2
14,278,3
392,238,2
347,203,2
310,247,4
386,235,3
209,81,3
357,356,1
601,327,1
568,16,4
94,45,2
93,321,4
340,139,4
597,326,1
445,148,2
757,355,5
22,236,4
291,191,5
485,101,2
784,105,2
306,250,1
634,396,3
128,446,1
625,94,5
939,220,1
273,298,2
848,339,4
442,453,3
503,442,2
130,133,4
132,361,5
597,155,5
935,28,5
482,282,1
862,116,5
390,305,5
593,234,1
999,405,4
985,1,2
325,348,3
69,240,5
660,58,5
448,335,5
528,183,1
819,337,1
617,26,1
165,409,3
488,77,2
713,417,5
709,217,4
426,328,5
697,325,5
834,262,5
265,23,5
875,244,2
612,158,4
342,206,1
832,310,4
726,87,5
278,267,4
674,415,5
439,134,4
157,267,3
422,333,4
251,268,1
878,450,1
609,53,4
530,99,4
327,247,2
961,36,4
895,401,1
97,28,3
513,220,1
216,406,2
260,263,3
125,271,1
82,224,3
283,139,5
683,280,1
59,451,5
544,286,3
161,454,4
284,250,4
106,322,4
105,317,5
439,78,4
228,297,2
700,338,1
582,307,1
318,428,3
464,351,5
802,13,1
599,346,5
882,396,3
874,82,4
472,9,3
56,213,2
625,48,4
13,49,4
440,309,4
18,440,3
694,40,2
973,363,5
113,280,3
229,226,1
171,456,1
295,108,3
189,245,5
426,255,1
977,33,5
79,23,4
658,333,3
919,54,4
182,309,1
499,49,5
798,78,4
762,336,1
866,433,2
826,358,4
708,122,2
835,444,2
71,359,1
248,90,3
146,346,5
618,193,1
775,416,4
296,377,5
582,244,3
470,149,1
506,146,3
193,316,4
68,378,1
494,141,4
817,408,5
52,286,5
882,386,3
363,339,3
797,111,5
917,108,2
474,367,5
846,281,1
521,50,4
763,14,5
431,134,5
844,76,4
298,84,4
435,343,1
696,158,4
691,286,3
198,422,5
128,314,4
532,94,1
984,297,4
411,94,5
934,57,2
840,164,4
65,320,3
694,98,5
241,16,1
369,344,5
536,78,2
384,346,1
431,72,2
967,270,2
83,287,3
982,66,4
831,368,3
697,68,3
951,193,3
828,55,1
611,379,4
286,409,1
989,25,3
534,131,3
459,325,2
212,102,2
126,374,5
413,282,2
499,296,4
425,294,1
554,422,3
610,452,5
961,263,2
543,414,5
112,403,1
402,231,5
759,291,5
122,161,5
273,161,3
294,78,4
398,38,2
471,394,2
985,441,2
207,28,5
110,100,5
440,294,5
278,400,3
963,124,3
568,405,3
887,92,3
915,255,1
569,97,3
940,6,3
482,169,3
803,383,2
114,271,2
893,108,2
820,299,1
853,47,5
477,99,3
710,14,2
933,194,1
321,157,3
179,388,4
897,154,5
219,115,3
789,396,5
949,258,3
528,145,4
492,291,1
61,368,5
54,214,1
680,233,5
538,171,2
848,21,1
988,15,4
65,419,3
612,368,3
586,126,1
704,341,2
171,341,4
273,213,3
889,188,3
699,172,2
535,247,5
391,5,1
940,231,2
693,201,2
327,373,2
108,402,2
847,149,5
162,72,4
814,226,2
452,74,2
206,307,1
590,169,3
16,249,5
327,280,2
608,152,4
659,224,4
2,225,4
10,38,1
434,44,4
125,185,1
81,443,5
485,241,4
652,418,3
838,331,2
150,351,5
800,210,3
873,23,5
340,124,4
129,86,5
438,43,5
751,40,5
501,303,1
58,169,3
198,175,4
211,20,2
914,109,4
902,193,4
45,244,1
97,324,1
279,280,5
535,228,4
410,36,3
461,45,1
391,386,1
847,28,3
44,154,1
27,23,3
794,207,2
97,420,3
975,91,2
548,390,5
621,419,5
567,359,1
704,38,3
219,419,1
185,228,3
69,202,1
829,350,5
130,309,5
567,254,1
609,221,4
848,187,3
599,43,1
806,359,3
631,114,2
334,5,5
925,68,5
154,228,2
547,123,3
79,173,4
579,336,3
855,153,5
413,267,5
546,157,1
609,162,5
169,214,1
681,398,5
663,376,5
583,408,4
515,443,1
314,423,1
287,427,1
594,292,5
43,423,5
903,189,3
617,400,1
1,122,2
573,230,1
270,59,1
180,96,4
736,262,2
518,354,2
103,312,4
10,136,4
583,350,1
90,283,3
226,455,4
670,411,2
740,120,2
917,430,1
126,425,3
209,342,4
97,146,4
74,12,1
627,87,3
682,109,2
819,423,5
960,345,2
716,266,4
56,222,5
553,333,5
32,310,3
527,413,2
574,102,1
667,425,5
284,137,5
721,191,4
832,421,4
494,142,3
187,357,1
498,73,4
442,328,4
130,167,2
639,168,2
292,54,4
114,259,3
199,439,1
271,232,3
601,161,3
215,352,4
444,327,3
790,19,5
512,290,3
447,50,4
986,175,3
993,302,4
715,184,2
74,185,4
537,339,3
101,307,4
176,310,1
427,346,4
117,81,4
166,374,1
41,156,1
429,275,1
344,283,5
424,432,4
366,249,1
120,147,1
609,435,2
657,7,5
728,157,4
229,171,3
825,69,5
130,94,5
352,369,2
889,363,4
318,376,4
984,186,1
649,392,1
836,170,5
337,204,2
273,42,4
117,13,2
818,154,3
368,274,4
94,298,1
168,51,5
954,369,2
715,212,1
341,144,5
661,357,1
914,3,4
695,254,2
925,335,3
152,256,1
586,98,2
877,173,4
913,150,1
274,279,4
554,59,3
496,446,3
724,113,5
101,324,5
557,243,5
82,310,4
529,57,5
73,407,2
14,367,4
433,60,4
157,329,5
735,216,5
132,233,4
338,55,3
404,373,3
376,208,5
888,63,3
559,184,2
107,311,2
620,281,2
265,26,4
205,177,4
79,63,4
155,429,4
783,73,4
988,335,5
997,167,3
247,225,5
531,65,3
858,69,5
948,440,2
538,9,1
729,236,4
154,198,1
154,412,1
686,173,2
92,282,1
433,28,1
338,296,2
480,399,3
693,134,5
131,27,1
450,38,4
993,196,2
810,203,1
787,85,3
273,320,3
929,30,4
588,99,1
177,387,4
696,190,3
831,12,3
643,91,5
875,30,3
49,213,2
567,38,5
666,341,4
355,60,3
712,294,2
308,360,5
868,143,2
885,402,5
630,180,5
775,285,5
46,112,4
302,230,5
868,444,5
912,21,2
408,145,5
189,146,4
822,441,2
830,375,5
129,421,2
561,316,4
537,166,2
266,140,4
118,203,3
464,244,5
144,113,4
442,201,5
200,385,4
157,314,1
487,259,1
860,255,1
134,447,4
912,405,5
148,23,1
336,393,5
71,246,4
233,339,5
334,311,5
811,366,1
666,372,2
90,403,3
334,318,4
199,87,4
161,219,4
538,423,3
121,356,2
301,27,5
724,430,4
575,290,5
963,289,1
436,348,1
68,223,1
765,352,4
922,178,3
459,148,4
514,424,1
398,227,1
620,351,4
286,186,3
561,415,3
140,294,5
730,429,2
556,41,1
929,393,3
781,393,1
590,191,2
728,79,1
894,205,3
610,384,5
748,278,4
282,272,4
661,32,3
924,450,3
816,142,2
996,251,1
936,294,2
578,98,4
746,136,1
457,277,2
87,312,4
79,302,1
205,43,5
791,120,5
337,220,2
254,46,3
304,236,1
380,48,2
130,198,3
596,84,3
276,31,1
699,161,1
558,428,3
899,71,4
183,8,2
808,401,3
322,52,4
512,45,5
612,293,3
78,426,4
784,300,5
339,373,4
674,38,1
556,355,3
509,380,5
238,231,4
134,262,5
973,68,2
192,179,3
356,357,1
278,419,5
18,186,4
524,441,5
180,201,4
123,390,5
246,13,1
734,443,1
373,214,3
51,220,1
1000,286,5
71,244,5
480,356,1
560,258,2
19,58,5
774,36,3
84,328,2
565,393,4
619,382,5
357,193,4
816,333,3
647,50,2
443,32,4
69,98,3
523,43,4
143,381,4
192,351,3
387,334,5
378,310,4
581,47,3
535,270,4
693,432,5
293,311,3
9,413,4
271,431,1
387,63,5
93,19,4
966,347,2
529,393,3
154,101,4
405,37,5
840,107,5
149,92,2
889,308,2
267,185,4
422,216,1
840,28,5
618,36,1
472,372,1
893,320,4
547,18,3
631,345,3
526,419,3
503,196,2
14,78,5
778,167,2
652,90,5
806,264,5
364,208,5
119,212,4
238,271,3
546,263,2
169,273,2
522,342,4
634,214,5
913,374,3
657,64,1
963,12,1
958,210,4
735,312,3
883,174,1
769,431,1
780,256,2
871,101,3
516,16,1
938,197,2
397,258,3
866,384,5
106,244,3
85,348,4
214,249,2
132,182,2
850,155,2
197,287,1
19,169,3
642,420,2
12,47,2
81,43,4
330,321,4
866,306,4
774,221,2
392,1,5
637,200,3
307,441,2
267,144,1
447,378,5
441,28,5
895,342,3
652,338,5
841,278,3
2,41,5
520,332,3
762,147,4
651,345,4
636,178,5
309,315,5
740,325,3
522,418,3
469,167,2
212,123,4
8,239,2
804,249,1
477,263,3
874,252,1
460,357,1
253,111,2
526,180,1
752,188,3
438,308,2
754,207,3
981,234,5
854,24,1
661,26,2
236,381,4
306,218,3
478,346,1
679,378,3
20,10,3
135,206,5
905,258,5
129,112,5
410,205,1
422,27,3
294,71,3
246,176,5
701,202,3
556,248,3
86,118,5
556,9,4
842,86,4
375,23,5
446,455,1
378,240,3
390,73,3
657,27,4
51,349,5
242,81,1
294,84,5
920,199,4
563,43,4
266,263,3
120,92,2
712,339,1
917,447,1
248,84,2
70,300,4
853,423,5
382,135,2
39,454,3
984,281,3
801,59,4
443,397,1
18,359,5
952,342,1
732,241,3
825,368,1
756,342,3
352,98,2
972,62,2
816,264,3
298,113,5
283,429,5
586,146,1
110,216,3
180,256,4
938,316,5
544,316,5
746,362,2
794,258,5
25,194,5
843,347,5
791,14,3
738,304,3
57,103,2
180,245,1
232,245,5
894,312,1
343,268,3
477,224,5
576,311,1
455,412,4
232,366,3
289,217,2
213,4,2
258,36,4
530,178,1
687,387,4
929,257,4
229,17,3
226,199,5
596,318,1
803,48,2
882,69,4
758,147,4
402,359,4
622,366,1
766,162,4
88,227,4
584,433,5
893,431,1
542,347,3
684,230,3
309,370,5
906,178,2
343,345,3
436,410,1
177,56,2
139,78,4
194,270,1
186,206,2
218,281,3
164,228,4
161,388,4
943,239,1
525,288,4
808,82,2
601,334,5
836,250,3
42,193,1
915,106,5
210,189,5
741,276,1
862,74,2
275,10,3
529,379,2
86,446,1
901,349,4
317,396,3
857,240,4
902,385,5
693,200,1
337,417,3
863,448,2
145,116,2
315,115,2
225,452,2
423,142,3
54,119,5
894,93,2
933,9,2
816,73,5
68,26,1
619,433,2
334,239,2
77,362,2
539,145,1
856,68,2
155,188,1
72,366,1
501,131,4
447,221,4
692,281,2
559,277,3
754,140,4
359,54,4
277,1,3
883,128,5
313,1,2
105,173,5
971,430,5
95,432,1
219,391,1
682,266,2
878,399,3
944,296,1
795,256,4
128,395,2
200,440,5
929,174,2
332,45,1
547,343,3
866,141,5
656,27,3
292,233,2
66,209,3
972,50,3
731,61,2
568,243,5
657,269,3
404,140,3
725,157,2
606,85,4
618,84,3
596,276,1
648,31,5
146,8,3
761,280,2
530,203,1
402,423,2
125,33,3
514,298,1
332,143,5
480,452,5
712,449,5
947,416,4
650,395,2
715,350,3
398,37,1
794,147,2
815,435,3
30,228,4
56,34,3
631,455,2
938,444,3
132,237,1
231,212,4
395,309,1
152,140,4
502,190,4
982,96,3
963,194,1
933,361,4
506,304,4
386,296,3
908,152,2
533,434,2
965,223,5
967,196,5
448,88,4
580,299,2
126,17,4
555,211,1
694,232,2
489,358,2
612,183,2
591,37,3
